division,round,matchday,team_a,team_b,score_a,score_b,game,side,player_slug,player_label,champion,position,k,d,a,win
División 1,Jornada 1,1,MADE IN HEAVEN,Kawaii Kiwis 2026,0,1,1,A,,no entra,,,2,9,7,0
División 1,Jornada 1,1,MADE IN HEAVEN,Kawaii Kiwis 2026,0,1,1,A,,BIBERON,,,2,6,9,0
División 1,Jornada 1,1,MADE IN HEAVEN,Kawaii Kiwis 2026,0,1,1,A,,hell on earth,,,9,10,4,0
División 1,Jornada 1,1,MADE IN HEAVEN,Kawaii Kiwis 2026,0,1,1,A,,enuma elish,,,4,5,3,0
División 1,Jornada 1,1,MADE IN HEAVEN,Kawaii Kiwis 2026,0,1,1,A,,ALONSO QUIJANO,,,0,7,10,0
División 1,Jornada 1,1,MADE IN HEAVEN,Kawaii Kiwis 2026,0,1,1,B,,KWK Kingsblade,,,9,1,14,1
División 1,Jornada 1,1,MADE IN HEAVEN,Kawaii Kiwis 2026,0,1,1,B,,freezing band,,,13,3,15,1
División 1,Jornada 1,1,MADE IN HEAVEN,Kawaii Kiwis 2026,0,1,1,B,,Chichya,,,5,7,12,1
División 1,Jornada 1,1,MADE IN HEAVEN,Kawaii Kiwis 2026,0,1,1,B,,DoubleShot,,,9,1,7,1
División 1,Jornada 1,1,MADE IN HEAVEN,Kawaii Kiwis 2026,0,1,1,B,,joeyscags,,,1,5,25,1
División 1,Jornada 1,1,EK Esports,Movistar KOI Karps,0,1,1,A,,Igrid,K'Sante,Top,2,4,0,0
División 1,Jornada 1,1,EK Esports,Movistar KOI Karps,0,1,1,A,,PUBA,Wukong,Jungle,2,1,3,0
División 1,Jornada 1,1,EK Esports,Movistar KOI Karps,0,1,1,A,,Liss The Iceborn,Aurora,Mid,1,4,0,0
División 1,Jornada 1,1,EK Esports,Movistar KOI Karps,0,1,1,A,,hoe r1der,Ezreal,ADC,1,3,1,0
División 1,Jornada 1,1,EK Esports,Movistar KOI Karps,0,1,1,A,,ΩTuExMujerΩ,Karma,Support,0,5,3,0
División 1,Jornada 1,1,EK Esports,Movistar KOI Karps,0,1,1,B,,Mali Patan,Ambessa,Top,2,1,3,1
División 1,Jornada 1,1,EK Esports,Movistar KOI Karps,0,1,1,B,,Thorizal,Jayce,Jungle,4,1,4,1
División 1,Jornada 1,1,EK Esports,Movistar KOI Karps,0,1,1,B,,wnabegreat,Zoe,Mid,4,0,11,1
División 1,Jornada 1,1,EK Esports,Movistar KOI Karps,0,1,1,B,,todo sale bien,Ziggs,ADC,4,1,6,1
División 1,Jornada 1,1,EK Esports,Movistar KOI Karps,0,1,1,B,,Perfect Time,Pantheon,Support,3,3,5,1
División 1,Jornada 1,1,Valkiria's Vikings,VVV,0,1,1,A,,ESPORTACUS777,Sion,Top,1,4,1,0
División 1,Jornada 1,1,Valkiria's Vikings,VVV,0,1,1,A,,PERDISTE EL EMMY,Wukong,Jungle,1,9,2,0
División 1,Jornada 1,1,Valkiria's Vikings,VVV,0,1,1,A,,Zeron,Viktor,Mid,2,6,0,0
División 1,Jornada 1,1,Valkiria's Vikings,VVV,0,1,1,A,,Ryoma Echizen,Cassiopeia,ADC,8,9,3,0
División 1,Jornada 1,1,Valkiria's Vikings,VVV,0,1,1,A,,Umbreon,Leona,Support,0,9,6,0
División 1,Jornada 1,1,Valkiria's Vikings,VVV,0,1,1,B,,Knika,K'Sante,Top,5,0,11,1
División 1,Jornada 1,1,Valkiria's Vikings,VVV,0,1,1,B,,DahVysx,Jarvan IV,Jungle,12,0,17,1
División 1,Jornada 1,1,Valkiria's Vikings,VVV,0,1,1,B,,SLRSLRSLR,Taliyah,Mid,10,3,16,1
División 1,Jornada 1,1,Valkiria's Vikings,VVV,0,1,1,B,,LT LAST ADKING,Syndra,ADC,9,6,7,1
División 1,Jornada 1,1,Valkiria's Vikings,VVV,0,1,1,B,,Bolyy1,Nautilus,Support,1,3,21,1
División 2,Jornada 1,1,Nocturne Gale LOL,BAD LIONS,1,0,1,A,,Seiichi Samura,Renekton,Top,3,1,7,1
División 2,Jornada 1,1,Nocturne Gale LOL,BAD LIONS,1,0,1,A,,Evan MacMillan,Wukong,Jungle,3,3,11,1
División 2,Jornada 1,1,Nocturne Gale LOL,BAD LIONS,1,0,1,A,,Nerøø,Orianna,Mid,6,3,10,1
División 2,Jornada 1,1,Nocturne Gale LOL,BAD LIONS,1,0,1,A,,Infinite v1,Yunara,ADC,9,2,10,1
División 2,Jornada 1,1,Nocturne Gale LOL,BAD LIONS,1,0,1,A,,elpapitoguapo,Lulu,Support,1,2,17,1
División 2,Jornada 1,1,Nocturne Gale LOL,BAD LIONS,1,0,1,B,,Hikigaayaa,Kled,Top,0,5,5,0
División 2,Jornada 1,1,Nocturne Gale LOL,BAD LIONS,1,0,1,B,,7Lonson,Nocturne,Jungle,0,3,7,0
División 2,Jornada 1,1,Nocturne Gale LOL,BAD LIONS,1,0,1,B,,TwTv AnixEuw,Yone,Mid,2,2,1,0
División 2,Jornada 1,1,Nocturne Gale LOL,BAD LIONS,1,0,1,B,,NAMELESS ACCOUNT,Mel,ADC,9,5,0,0
División 2,Jornada 1,1,Nocturne Gale LOL,BAD LIONS,1,0,1,B,,Freezer,Karma,Support,0,7,4,0
División 2,Jornada 1,1,Phoenix eSports,Tan’i eSports LoL,1,0,1,A,,Δkrantor,Sion,Top,7,4,9,1
División 2,Jornada 1,1,Phoenix eSports,Tan’i eSports LoL,1,0,1,A,,Náthan,Wukong,Jungle,6,1,10,1
División 2,Jornada 1,1,Phoenix eSports,Tan’i eSports LoL,1,0,1,A,,NerVer,Viktor,Mid,2,0,10,1
División 2,Jornada 1,1,Phoenix eSports,Tan’i eSports LoL,1,0,1,A,,Smithereens,Kai'Sa,ADC,4,3,4,1
División 2,Jornada 1,1,Phoenix eSports,Tan’i eSports LoL,1,0,1,A,,en fin,Bard,Support,2,1,14,1
División 2,Jornada 1,1,Phoenix eSports,Tan’i eSports LoL,1,0,1,B,,CHARLES DO BRONX,Yone,Top,2,7,0,0
División 2,Jornada 1,1,Phoenix eSports,Tan’i eSports LoL,1,0,1,B,,LOSER NIKI999,Pantheon,Jungle,1,6,3,0
División 2,Jornada 1,1,Phoenix eSports,Tan’i eSports LoL,1,0,1,B,,WAGIC365,Ahri,Mid,5,2,3,0
División 2,Jornada 1,1,Phoenix eSports,Tan’i eSports LoL,1,0,1,B,,nostalgiaaaaaaa,Ezreal,ADC,1,1,1,0
División 2,Jornada 1,1,Phoenix eSports,Tan’i eSports LoL,1,0,1,B,,Antihero Arc,Seraphine,Support,0,5,2,0
División 2,Jornada 1,1,ULTRA FALKE,AzE,1,0,1,A,,PatxiElPirata,Gnar,Top,5,1,6,1
División 2,Jornada 1,1,ULTRA FALKE,AzE,1,0,1,A,,14235234234235532,Wukong,Jungle,5,1,7,1
División 2,Jornada 1,1,ULTRA FALKE,AzE,1,0,1,A,,MirrowFox,Mel,Mid,4,3,7,1
División 2,Jornada 1,1,ULTRA FALKE,AzE,1,0,1,A,,Meiq,Ziggs,ADC,5,0,7,1
División 2,Jornada 1,1,ULTRA FALKE,AzE,1,0,1,A,,CEST1CEST1CEST1,Rell,Support,1,1,13,1
División 2,Jornada 1,1,ULTRA FALKE,AzE,1,0,1,B,,Pablo el Pedrolo,Naafiri,Top,2,5,2,0
División 2,Jornada 1,1,ULTRA FALKE,AzE,1,0,1,B,,Galician Canyon,Jarvan IV,Jungle,0,5,4,0
División 2,Jornada 1,1,ULTRA FALKE,AzE,1,0,1,B,,Galician Chovy,Lux,Mid,2,4,3,0
División 2,Jornada 1,1,ULTRA FALKE,AzE,1,0,1,B,,dearly beloved,Jhin,ADC,2,1,2,0
División 2,Jornada 1,1,ULTRA FALKE,AzE,1,0,1,B,,Kaladin,Maokai,Support,0,5,4,0
División 3,Jornada 1,1,Azure Dragons,Locked Esports,1,0,1,A,,NotAz3r,K'Sante,Top,6,2,7,1
División 3,Jornada 1,1,Azure Dragons,Locked Esports,1,0,1,A,,ModoBudha,Naafiri,Jungle,5,2,7,1
División 3,Jornada 1,1,Azure Dragons,Locked Esports,1,0,1,A,,Roxel,Ahri,Mid,9,2,14,1
División 3,Jornada 1,1,Azure Dragons,Locked Esports,1,0,1,A,,D4dtor,Yunara,ADC,8,1,4,1
División 3,Jornada 1,1,Azure Dragons,Locked Esports,1,0,1,A,,FERNI,Bard,Support,2,0,17,1
División 3,Jornada 1,1,Azure Dragons,Locked Esports,1,0,1,B,,LCK LeinadFE,Sett,Top,1,7,1,0
División 3,Jornada 1,1,Azure Dragons,Locked Esports,1,0,1,B,,LCK S C A R,Vi,Jungle,4,7,1,0
División 3,Jornada 1,1,Azure Dragons,Locked Esports,1,0,1,B,,LCK Alina,Syndra,Mid,1,8,3,0
División 3,Jornada 1,1,Azure Dragons,Locked Esports,1,0,1,B,,LCK Streløk,Corki,ADC,0,3,1,0
División 3,Jornada 1,1,Azure Dragons,Locked Esports,1,0,1,B,,LCK F6theV,Rakan,Support,1,5,1,0
División 3,Jornada 1,1,Eclipse,Goaty Esports,1,0,1,A,,FOX Lyon,Ornn,Top,2,2,25,1
División 3,Jornada 1,1,Eclipse,Goaty Esports,1,0,1,A,,Rework de nariz,Wukong,Jungle,12,8,19,1
División 3,Jornada 1,1,Eclipse,Goaty Esports,1,0,1,A,,ECL Blaze,Aurora,Mid,7,4,8,1
División 3,Jornada 1,1,Eclipse,Goaty Esports,1,0,1,A,,ECL Alberto,Ezreal,ADC,17,7,13,1
División 3,Jornada 1,1,Eclipse,Goaty Esports,1,0,1,A,,Sad Mans Parade,Karma,Support,4,7,30,1
División 3,Jornada 1,1,Eclipse,Goaty Esports,1,0,1,B,,勝つまで挑戦し続けます,Garen,Top,7,7,9,0
División 3,Jornada 1,1,Eclipse,Goaty Esports,1,0,1,B,,GTY Sly Gank,Xin Zhao,Jungle,5,9,12,0
División 3,Jornada 1,1,Eclipse,Goaty Esports,1,0,1,B,,GTY ponzy,Ryze,Mid,5,6,16,0
División 3,Jornada 1,1,Eclipse,Goaty Esports,1,0,1,B,,GTY Dak1,Mel,ADC,10,11,9,0
División 3,Jornada 1,1,Eclipse,Goaty Esports,1,0,1,B,,GTY Gusano,Rell,Support,1,9,19,0
División 3,Jornada 1,1,ONI eSports,Valkiria's Valhalla,0,1,1,A,,raulqlda,Cho'Gath,Top,1,1,2,0
División 3,Jornada 1,1,ONI eSports,Valkiria's Valhalla,0,1,1,A,,THN Fabiote100,Skarner,Jungle,1,5,5,0
División 3,Jornada 1,1,ONI eSports,Valkiria's Valhalla,0,1,1,A,,THN Miguelito100,Yasuo,Mid,5,3,3,0
División 3,Jornada 1,1,ONI eSports,Valkiria's Valhalla,0,1,1,A,,KawayFoXx,Mel,ADC,2,5,2,0
División 3,Jornada 1,1,ONI eSports,Valkiria's Valhalla,0,1,1,A,,THN Maugrim,Bard,Support,0,4,6,0
División 3,Jornada 1,1,ONI eSports,Valkiria's Valhalla,0,1,1,B,,zialde,K'Sante,Top,2,2,7,1
División 3,Jornada 1,1,ONI eSports,Valkiria's Valhalla,0,1,1,B,,Pangolin,Wukong,Jungle,7,3,7,1
División 3,Jornada 1,1,ONI eSports,Valkiria's Valhalla,0,1,1,B,,Mesitas,Taliyah,Mid,1,2,12,1
División 3,Jornada 1,1,ONI eSports,Valkiria's Valhalla,0,1,1,B,,Lolex,Ezreal,ADC,7,0,7,1
División 3,Jornada 1,1,ONI eSports,Valkiria's Valhalla,0,1,1,B,,Octogenario,Leona,Support,1,2,15,1
División 3,Jornada 1,1,DimoniX,Team Meet Valhalla,0,1,1,A,,DMNX Farlopez,,,1,2,0,0
División 3,Jornada 1,1,DimoniX,Team Meet Valhalla,0,1,1,A,,DMNX Neon,,,1,6,6,0
División 3,Jornada 1,1,DimoniX,Team Meet Valhalla,0,1,1,A,,DMNX xGogui,,,3,4,2,0
División 3,Jornada 1,1,DimoniX,Team Meet Valhalla,0,1,1,A,,victor10mar,,,6,5,2,0
División 3,Jornada 1,1,DimoniX,Team Meet Valhalla,0,1,1,A,,DRUXTROX,,,0,4,7,0
División 3,Jornada 1,1,DimoniX,Team Meet Valhalla,0,1,1,B,,Xopo,,,1,3,15,1
División 3,Jornada 1,1,DimoniX,Team Meet Valhalla,0,1,1,B,,hajime kashimo,,,6,1,6,1
División 3,Jornada 1,1,DimoniX,Team Meet Valhalla,0,1,1,B,,LR DarkResure,,,4,3,13,1
División 3,Jornada 1,1,DimoniX,Team Meet Valhalla,0,1,1,B,,PetasuuHh,,,8,2,5,1
División 3,Jornada 1,1,DimoniX,Team Meet Valhalla,0,1,1,B,,DavidLaid,,,2,2,15,1
División 3,Jornada 1,1,Nova Outlaws,404 Black,1,0,1,A,,Yoru,,,6,2,6,1
División 3,Jornada 1,1,Nova Outlaws,404 Black,1,0,1,A,,Pituneta,,,9,2,8,1
División 3,Jornada 1,1,Nova Outlaws,404 Black,1,0,1,A,,settem,,,8,1,13,1
División 3,Jornada 1,1,Nova Outlaws,404 Black,1,0,1,A,,Pajkaro,,,6,2,14,1
División 3,Jornada 1,1,Nova Outlaws,404 Black,1,0,1,A,,Rafuko,,,0,5,16,1
División 3,Jornada 1,1,Nova Outlaws,404 Black,1,0,1,B,,BLACK Elpernas,,,1,9,3,0
División 3,Jornada 1,1,Nova Outlaws,404 Black,1,0,1,B,,BLACK moonred,,,4,6,5,0
División 3,Jornada 1,1,Nova Outlaws,404 Black,1,0,1,B,,NervioZo,,,3,4,5,0
División 3,Jornada 1,1,Nova Outlaws,404 Black,1,0,1,B,,Nivkoly,,,4,3,2,0
División 3,Jornada 1,1,Nova Outlaws,404 Black,1,0,1,B,,BLACK pablirou,,,0,7,7,0
División 3,Jornada 1,1,UB Ascensus,Big Yahu Esports,1,0,1,A,,Skiler99,Ornn,Top,2,1,7,1
División 3,Jornada 1,1,UB Ascensus,Big Yahu Esports,1,0,1,A,,Torresinho,Vi,Jungle,8,0,12,1
División 3,Jornada 1,1,UB Ascensus,Big Yahu Esports,1,0,1,A,,afransi6,Ahri,Mid,11,0,8,1
División 3,Jornada 1,1,UB Ascensus,Big Yahu Esports,1,0,1,A,,Sant Cugat,Caitlyn,ADC,4,2,9,1
División 3,Jornada 1,1,UB Ascensus,Big Yahu Esports,1,0,1,A,,Cramitus,Karma,Support,1,1,16,1
División 3,Jornada 1,1,UB Ascensus,Big Yahu Esports,1,0,1,B,,nR Necrox,Illaoi,Top,1,3,0,0
División 3,Jornada 1,1,UB Ascensus,Big Yahu Esports,1,0,1,B,,YAHU POTTER,Jarvan IV,Jungle,1,4,2,0
División 3,Jornada 1,1,UB Ascensus,Big Yahu Esports,1,0,1,B,,Jarixo,Galio,Mid,0,8,1,0
División 3,Jornada 1,1,UB Ascensus,Big Yahu Esports,1,0,1,B,,YAHU ABALOS,Ziggs,ADC,2,5,2,0
División 3,Jornada 1,1,UB Ascensus,Big Yahu Esports,1,0,1,B,,L4S Irusch,Rell,Support,0,6,3,0
División 3,Jornada 1,1,Valkiria's Thunder,Void Lynx,1,0,1,A,,PoMaMo,Rumble,Top,2,3,15,1
División 3,Jornada 1,1,Valkiria's Thunder,Void Lynx,1,0,1,A,,gohh,Jarvan IV,Jungle,6,2,20,1
División 3,Jornada 1,1,Valkiria's Thunder,Void Lynx,1,0,1,A,,GoRinKai,,Mid,13,7,7,1
División 3,Jornada 1,1,Valkiria's Thunder,Void Lynx,1,0,1,A,,Billy Butcher,Vayne,ADC,7,8,12,1
División 3,Jornada 1,1,Valkiria's Thunder,Void Lynx,1,0,1,A,,Tyler Durden,Nautilus,Support,2,5,23,1
División 3,Jornada 1,1,Valkiria's Thunder,Void Lynx,1,0,1,B,,Kaserolo,K'Sante,Top,2,5,6,0
División 3,Jornada 1,1,Valkiria's Thunder,Void Lynx,1,0,1,B,,Tamudor,Pantheon,Jungle,4,8,10,0
División 3,Jornada 1,1,Valkiria's Thunder,Void Lynx,1,0,1,B,,Upss,Seraphine,Mid,9,3,9,0
División 3,Jornada 1,1,Valkiria's Thunder,Void Lynx,1,0,1,B,,arnoop88,Sivir,ADC,9,8,12,0
División 3,Jornada 1,1,Valkiria's Thunder,Void Lynx,1,0,1,B,,Rell,Rell,Support,1,6,21,0
División 4,Jornada 1,1,404 Academy,NEO GLORY,1,0,1,A,,K Kvaratskhelia,,,6,7,7,1
División 4,Jornada 1,1,404 Academy,NEO GLORY,1,0,1,A,,404 Dinithor,,,5,3,13,1
División 4,Jornada 1,1,404 Academy,NEO GLORY,1,0,1,A,,ErMaRtINeZ,,,6,6,9,1
División 4,Jornada 1,1,404 Academy,NEO GLORY,1,0,1,A,,Tamamo cross,,,6,5,10,1
División 4,Jornada 1,1,404 Academy,NEO GLORY,1,0,1,A,,404 rubenaso,,,1,8,17,1
División 4,Jornada 1,1,404 Academy,NEO GLORY,1,0,1,B,,Richard Grayson,,,11,6,4,0
División 4,Jornada 1,1,404 Academy,NEO GLORY,1,0,1,B,,Low Cortisol Bee,,,5,5,10,0
División 4,Jornada 1,1,404 Academy,NEO GLORY,1,0,1,B,,KPT Tudela,,,2,4,10,0
División 4,Jornada 1,1,404 Academy,NEO GLORY,1,0,1,B,,NGLY Rojaa,,,9,4,2,0
División 4,Jornada 1,1,404 Academy,NEO GLORY,1,0,1,B,,NGLY Nifi,,,2,5,11,0
División 4,Jornada 1,1,Uniovi eSports,Black Bird Abyss,1,0,1,A,,Mighty Clown,,,11,4,6,1
División 4,Jornada 1,1,Uniovi eSports,Black Bird Abyss,1,0,1,A,,Qin Shi Huang,,,2,4,10,1
División 4,Jornada 1,1,Uniovi eSports,Black Bird Abyss,1,0,1,A,,guiv3,,,5,1,7,1
División 4,Jornada 1,1,Uniovi eSports,Black Bird Abyss,1,0,1,A,,Clubserg69,,,6,5,5,1
División 4,Jornada 1,1,Uniovi eSports,Black Bird Abyss,1,0,1,A,,JokerMagnific,,,0,0,20,1
División 4,Jornada 1,1,Uniovi eSports,Black Bird Abyss,1,0,1,B,,monoenlacabeza84,,,3,6,7,0
División 4,Jornada 1,1,Uniovi eSports,Black Bird Abyss,1,0,1,B,,Ð4rking,,,3,6,9,0
División 4,Jornada 1,1,Uniovi eSports,Black Bird Abyss,1,0,1,B,,Heroe1303,,,5,6,0,0
División 4,Jornada 1,1,Uniovi eSports,Black Bird Abyss,1,0,1,B,,INF RuyMiau,,,3,4,4,0
División 4,Jornada 1,1,Uniovi eSports,Black Bird Abyss,1,0,1,B,,BBA Little Fox,,,0,2,9,0
División 4,Jornada 1,1,ZRYN esports,Peek A Boo Esports,0,1,1,A,,PREPUsuCIO,Ornn,Top,4,4,12,0
División 4,Jornada 1,1,ZRYN esports,Peek A Boo Esports,0,1,1,A,,Charlee Sin,Xin Zhao,Jungle,8,2,9,0
División 4,Jornada 1,1,ZRYN esports,Peek A Boo Esports,0,1,1,A,,Tanago,Azir,Mid,5,5,12,0
División 4,Jornada 1,1,ZRYN esports,Peek A Boo Esports,0,1,1,A,,Nometo Unacú,Ashe,ADC,8,5,10,0
División 4,Jornada 1,1,ZRYN esports,Peek A Boo Esports,0,1,1,A,,Faenol,Karma,Support,2,2,21,0
División 4,Jornada 1,1,ZRYN esports,Peek A Boo Esports,0,1,1,B,,PAB Elysia,Yone,Top,10,7,3,1
División 4,Jornada 1,1,ZRYN esports,Peek A Boo Esports,0,1,1,B,,PAB El truco,Jarvan IV,Jungle,0,8,11,1
División 4,Jornada 1,1,ZRYN esports,Peek A Boo Esports,0,1,1,B,,PAB Wiwitxu,Morgana,Mid,2,3,7,1
División 4,Jornada 1,1,ZRYN esports,Peek A Boo Esports,0,1,1,B,,PAB Pecto,Sivir,ADC,5,4,7,1
División 4,Jornada 1,1,ZRYN esports,Peek A Boo Esports,0,1,1,B,,PAB Zotes,Seraphine,Support,1,5,13,1
División 4,Jornada 1,1,404 Legacy,NX5 eSports Black,0,1,1,A,,SOS Swar,Gnar,Top,1,6,2,0
División 4,Jornada 1,1,404 Legacy,NX5 eSports Black,0,1,1,A,,QMM MASTER,Poppy,Jungle,2,6,2,0
División 4,Jornada 1,1,404 Legacy,NX5 eSports Black,0,1,1,A,,Krazel,Locke,Mid,4,4,5,0
División 4,Jornada 1,1,404 Legacy,NX5 eSports Black,0,1,1,A,,QMM 마법사,Xayah,ADC,4,4,1,0
División 4,Jornada 1,1,404 Legacy,NX5 eSports Black,0,1,1,A,,ElyBot,Seraphine,Support,0,3,6,0
División 4,Jornada 1,1,404 Legacy,NX5 eSports Black,0,1,1,B,,NX5 KingKai,Ornn,Top,5,3,8,1
División 4,Jornada 1,1,404 Legacy,NX5 eSports Black,0,1,1,B,,NX5 Tarnacks,Wukong,Jungle,5,2,12,1
División 4,Jornada 1,1,404 Legacy,NX5 eSports Black,0,1,1,B,,NX5 Chobitooo,Anivia,Mid,8,0,9,1
División 4,Jornada 1,1,404 Legacy,NX5 eSports Black,0,1,1,B,,NX5 SRRA,Caitlyn,ADC,5,5,7,1
División 4,Jornada 1,1,404 Legacy,NX5 eSports Black,0,1,1,B,,NX5 MONORail,Rakan,Support,0,1,17,1
División 4,Jornada 1,1,Rising Birds Redux,ROSES IN SPRING Blue,1,0,1,A,,Bulvasaur,Gnar,Top,4,4,5,1
División 4,Jornada 1,1,Rising Birds Redux,ROSES IN SPRING Blue,1,0,1,A,,Patrick Jane,Wukong,Jungle,3,3,11,1
División 4,Jornada 1,1,Rising Birds Redux,ROSES IN SPRING Blue,1,0,1,A,,carde,Viktor,Mid,9,1,1,1
División 4,Jornada 1,1,Rising Birds Redux,ROSES IN SPRING Blue,1,0,1,A,,Rize Kamishiro,Sivir,ADC,7,0,7,1
División 4,Jornada 1,1,Rising Birds Redux,ROSES IN SPRING Blue,1,0,1,A,,Simo Häyhä,Leona,Support,0,2,15,1
División 4,Jornada 1,1,Rising Birds Redux,ROSES IN SPRING Blue,1,0,1,B,,ErBicho,Cho'Gath,Top,2,6,3,0
División 4,Jornada 1,1,Rising Birds Redux,ROSES IN SPRING Blue,1,0,1,B,,PFX Zibys,Xin Zhao,Jungle,5,6,4,0
División 4,Jornada 1,1,Rising Birds Redux,ROSES IN SPRING Blue,1,0,1,B,,Heyslime,Yone,Mid,1,4,2,0
División 4,Jornada 1,1,Rising Birds Redux,ROSES IN SPRING Blue,1,0,1,B,,RIS Nacht,Xayah,ADC,1,3,2,0
División 4,Jornada 1,1,Rising Birds Redux,ROSES IN SPRING Blue,1,0,1,B,,Tragedy,Hwei,Support,1,4,4,0
División 4,Jornada 1,1,DimoniX ACADEMY,PANTUMAKA GANG,0,1,1,A,,Arashi,Ornn,Top,0,7,3,0
División 4,Jornada 1,1,DimoniX ACADEMY,PANTUMAKA GANG,0,1,1,A,,DMNX xXDATERXx,Jarvan IV,Jungle,1,6,10,0
División 4,Jornada 1,1,DimoniX ACADEMY,PANTUMAKA GANG,0,1,1,A,,Atreides,Ahri,Mid,3,6,4,0
División 4,Jornada 1,1,DimoniX ACADEMY,PANTUMAKA GANG,0,1,1,A,,DMNX TIXØ,Ezreal,ADC,10,3,3,0
División 4,Jornada 1,1,DimoniX ACADEMY,PANTUMAKA GANG,0,1,1,A,,DMNX Diamond,Karma,Support,2,2,11,0
División 4,Jornada 1,1,DimoniX ACADEMY,PANTUMAKA GANG,0,1,1,B,,Rivalless,Camille,Top,14,1,4,1
División 4,Jornada 1,1,DimoniX ACADEMY,PANTUMAKA GANG,0,1,1,B,,pmq,Wukong,Jungle,4,4,10,1
División 4,Jornada 1,1,DimoniX ACADEMY,PANTUMAKA GANG,0,1,1,B,,esportslink1,Anivia,Mid,1,2,8,1
División 4,Jornada 1,1,DimoniX ACADEMY,PANTUMAKA GANG,0,1,1,B,,G2 Cabs Sama,Caitlyn,ADC,5,3,4,1
División 4,Jornada 1,1,DimoniX ACADEMY,PANTUMAKA GANG,0,1,1,B,,S T E P M E N,Lux,Support,0,6,11,1
División 4,Jornada 1,1,Dragons Of Blossom Hikari,404 Nexus,0,1,1,A,,KINGE_Epsnein,K'Sante,Top,2,6,2,0
División 4,Jornada 1,1,Dragons Of Blossom Hikari,404 Nexus,0,1,1,A,,noireh,Shyvana,Jungle,1,11,0,0
División 4,Jornada 1,1,Dragons Of Blossom Hikari,404 Nexus,0,1,1,A,,KINGE_Ronwayo,Akali,Mid,5,8,0,0
División 4,Jornada 1,1,Dragons Of Blossom Hikari,404 Nexus,0,1,1,A,,ArepaMaster,Corki,ADC,2,8,3,0
División 4,Jornada 1,1,Dragons Of Blossom Hikari,404 Nexus,0,1,1,A,,SrPato,Nami,Support,0,8,4,0
División 4,Jornada 1,1,Dragons Of Blossom Hikari,404 Nexus,0,1,1,B,,RozaKled,Garen,Top,8,2,7,1
División 4,Jornada 1,1,Dragons Of Blossom Hikari,404 Nexus,0,1,1,B,,Faliyo,Xin Zhao,Jungle,9,2,15,1
División 4,Jornada 1,1,Dragons Of Blossom Hikari,404 Nexus,0,1,1,B,,xSamuPingu,Locke,Mid,18,2,7,1
División 4,Jornada 1,1,Dragons Of Blossom Hikari,404 Nexus,0,1,1,B,,mariocaro13,Ashe,ADC,6,2,11,1
División 4,Jornada 1,1,Dragons Of Blossom Hikari,404 Nexus,0,1,1,B,,404 Dinithor,Nautilus,Support,0,2,16,1
División 4,Jornada 1,1,Noctumbra,Clover eSports,0,1,1,A,,Juls,Vayne,Top,2,6,1,0
División 4,Jornada 1,1,Noctumbra,Clover eSports,0,1,1,A,,tojesh,Wukong,Jungle,1,5,7,0
División 4,Jornada 1,1,Noctumbra,Clover eSports,0,1,1,A,,Vertig,Syndra,Mid,4,5,4,0
División 4,Jornada 1,1,Noctumbra,Clover eSports,0,1,1,A,,Nøt Mµerte,Mel,ADC,4,4,4,0
División 4,Jornada 1,1,Noctumbra,Clover eSports,0,1,1,A,,Nøt Yorµ,Karma,Support,0,4,6,0
División 4,Jornada 1,1,Noctumbra,Clover eSports,0,1,1,B,,Herobayer,Sion,Top,4,2,10,1
División 4,Jornada 1,1,Noctumbra,Clover eSports,0,1,1,B,,DaKoR,Pantheon,Jungle,7,5,11,1
División 4,Jornada 1,1,Noctumbra,Clover eSports,0,1,1,B,,søcraM,Xerath,Mid,7,1,7,1
División 4,Jornada 1,1,Noctumbra,Clover eSports,0,1,1,B,,CVR JC4,Lucian,ADC,6,2,7,1
División 4,Jornada 1,1,Noctumbra,Clover eSports,0,1,1,B,,Nemesis,Milio,Support,0,1,14,1
División 4,Jornada 1,1,RAI RAI Esports,Unknown Family Gaming,0,1,1,A,,canelon99,Zac,Top,6,3,3,0
División 4,Jornada 1,1,RAI RAI Esports,Unknown Family Gaming,0,1,1,A,,RAI zasawe,Wukong,Jungle,0,5,4,0
División 4,Jornada 1,1,RAI RAI Esports,Unknown Family Gaming,0,1,1,A,,GeminisSoul,Orianna,Mid,2,3,2,0
División 4,Jornada 1,1,RAI RAI Esports,Unknown Family Gaming,0,1,1,A,,BIG YAHU LP PLS,Lucian,ADC,2,5,1,0
División 4,Jornada 1,1,RAI RAI Esports,Unknown Family Gaming,0,1,1,A,,Last K1NG,Braum,Support,1,6,5,0
División 4,Jornada 1,1,RAI RAI Esports,Unknown Family Gaming,0,1,1,B,,Señor Wagner,Sion,Top,2,3,4,1
División 4,Jornada 1,1,RAI RAI Esports,Unknown Family Gaming,0,1,1,B,,Syntax,Ivern,Jungle,0,3,15,1
División 4,Jornada 1,1,RAI RAI Esports,Unknown Family Gaming,0,1,1,B,,LUISOMAKISO,Anivia,Mid,10,0,3,1
División 4,Jornada 1,1,RAI RAI Esports,Unknown Family Gaming,0,1,1,B,,MehWi,Kai'Sa,ADC,9,2,7,1
División 4,Jornada 1,1,RAI RAI Esports,Unknown Family Gaming,0,1,1,B,,atrakatuni,Nautilus,Support,1,3,13,1
División 4,Jornada 1,1,ALOS eSports,eFox,0,1,1,A,,StylƐR,K'Sante,Top,1,4,0,0
División 4,Jornada 1,1,ALOS eSports,eFox,0,1,1,A,,you can rest now,Naafiri,Jungle,0,5,3,0
División 4,Jornada 1,1,ALOS eSports,eFox,0,1,1,A,,Clavijos,Syndra,Mid,3,4,4,0
División 4,Jornada 1,1,ALOS eSports,eFox,0,1,1,A,,şhsrıł,Mel,ADC,6,11,2,0
División 4,Jornada 1,1,ALOS eSports,eFox,0,1,1,A,,Senaut,Nautilus,Support,0,8,8,0
División 4,Jornada 1,1,ALOS eSports,eFox,0,1,1,B,,AZR Alakran,Gwen,Top,3,1,4,1
División 4,Jornada 1,1,ALOS eSports,eFox,0,1,1,B,,eFOX Cobalt,Wukong,Jungle,6,2,13,1
División 4,Jornada 1,1,ALOS eSports,eFox,0,1,1,B,,Jamesin,Fizz,Mid,14,3,12,1
División 4,Jornada 1,1,ALOS eSports,eFox,0,1,1,B,,Salsa Ramcesis,Caitlyn,ADC,12,0,7,1
División 4,Jornada 1,1,ALOS eSports,eFox,0,1,1,B,,eFOX SNOWL3X,Bard,Support,1,4,19,1
División 4,Jornada 1,1,Koryu Budo Arashi,CSN Corvo,1,0,1,A,,TPG BUZZ,,,5,7,16,1
División 4,Jornada 1,1,Koryu Budo Arashi,CSN Corvo,1,0,1,A,,Knight Artorias,,,5,8,9,1
División 4,Jornada 1,1,Koryu Budo Arashi,CSN Corvo,1,0,1,A,,AnPuuR,,,12,6,8,1
División 4,Jornada 1,1,Koryu Budo Arashi,CSN Corvo,1,0,1,A,,Cuco,,,11,8,14,1
División 4,Jornada 1,1,Koryu Budo Arashi,CSN Corvo,1,0,1,A,,FOX Castañitas,,,3,4,24,1
División 4,Jornada 1,1,Koryu Budo Arashi,CSN Corvo,1,0,1,B,,Avi Kitsu,,,6,3,7,0
División 4,Jornada 1,1,Koryu Budo Arashi,CSN Corvo,1,0,1,B,,Silvia Orriols,,,2,8,25,0
División 4,Jornada 1,1,Koryu Budo Arashi,CSN Corvo,1,0,1,B,,カウウソー,,,7,8,16,0
División 4,Jornada 1,1,Koryu Budo Arashi,CSN Corvo,1,0,1,B,,CR7,,,16,7,5,0
División 4,Jornada 1,1,Koryu Budo Arashi,CSN Corvo,1,0,1,B,,blako,,,2,10,19,0
División 4,Jornada 1,1,VentuCorp Gods,404 Legion,0,1,1,A,,Yuka Okkotsu,,,1,2,6,0
División 4,Jornada 1,1,VentuCorp Gods,404 Legion,0,1,1,A,,VCE Darkpepe94,,,1,7,9,0
División 4,Jornada 1,1,VentuCorp Gods,404 Legion,0,1,1,A,,GambasAlGritillo,,,9,5,2,0
División 4,Jornada 1,1,VentuCorp Gods,404 Legion,0,1,1,A,,VCE GaBrii,,,1,5,1,0
División 4,Jornada 1,1,VentuCorp Gods,404 Legion,0,1,1,A,,VCE Padeko,,,0,7,7,0
División 4,Jornada 1,1,VentuCorp Gods,404 Legion,0,1,1,B,,Rowdwer,,,1,2,22,1
División 4,Jornada 1,1,VentuCorp Gods,404 Legion,0,1,1,B,,ÚLTIMO ROMÁNTICO,,,4,2,8,1
División 4,Jornada 1,1,VentuCorp Gods,404 Legion,0,1,1,B,,John Natillas,,,3,4,10,1
División 4,Jornada 1,1,VentuCorp Gods,404 Legion,0,1,1,B,,MrPanaYago,,,8,4,7,1
División 4,Jornada 1,1,VentuCorp Gods,404 Legion,0,1,1,B,,KOI galiindo,,,10,0,5,1
División 4,Jornada 1,1,Zenturions,Dragons Of Blossom Illume,1,0,1,A,,S3us,,,5,4,10,1
División 4,Jornada 1,1,Zenturions,Dragons Of Blossom Illume,1,0,1,A,,Danzig or War,,,3,1,4,1
División 4,Jornada 1,1,Zenturions,Dragons Of Blossom Illume,1,0,1,A,,Hugh Jackman,,,4,3,4,1
División 4,Jornada 1,1,Zenturions,Dragons Of Blossom Illume,1,0,1,A,,KATSEYE,,,17,3,4,1
División 4,Jornada 1,1,Zenturions,Dragons Of Blossom Illume,1,0,1,A,,Ðuke,,,0,1,22,1
División 4,Jornada 1,1,Zenturions,Dragons Of Blossom Illume,1,0,1,B,,Joningo,,,2,2,2,0
División 4,Jornada 1,1,Zenturions,Dragons Of Blossom Illume,1,0,1,B,,Sauce Boy,,,3,1,5,0
División 4,Jornada 1,1,Zenturions,Dragons Of Blossom Illume,1,0,1,B,,DoB Zenith,,,5,5,1,0
División 4,Jornada 1,1,Zenturions,Dragons Of Blossom Illume,1,0,1,B,,DoB Wulen,,,0,7,6,0
División 4,Jornada 1,1,Zenturions,Dragons Of Blossom Illume,1,0,1,B,,DoB CabraDelARAM,,,1,8,7,0
División 5,Jornada 1,1,Mega Pollo Generation Shinobi,Hellfire Academy,1,0,1,A,,PFC Kyber,Warwick,Top,6,0,6,1
División 5,Jornada 1,1,Mega Pollo Generation Shinobi,Hellfire Academy,1,0,1,A,,Umbre975,Kayn,Jungle,4,0,7,1
División 5,Jornada 1,1,Mega Pollo Generation Shinobi,Hellfire Academy,1,0,1,A,,Alexuto33,Yone,Mid,3,0,5,1
División 5,Jornada 1,1,Mega Pollo Generation Shinobi,Hellfire Academy,1,0,1,A,,Yunekki,Viktor,ADC,3,0,6,1
División 5,Jornada 1,1,Mega Pollo Generation Shinobi,Hellfire Academy,1,0,1,A,,Lord Sotomonte,Braum,Support,0,1,10,1
División 5,Jornada 1,1,Mega Pollo Generation Shinobi,Hellfire Academy,1,0,1,B,,Kevoncio,Ornn,Top,0,5,1,0
División 5,Jornada 1,1,Mega Pollo Generation Shinobi,Hellfire Academy,1,0,1,B,,Tammy Kench,Volibear,Jungle,1,3,0,0
División 5,Jornada 1,1,Mega Pollo Generation Shinobi,Hellfire Academy,1,0,1,B,,Ozaaruu,Galio,Mid,0,4,0,0
División 5,Jornada 1,1,Mega Pollo Generation Shinobi,Hellfire Academy,1,0,1,B,,Lentejas2,Smolder,ADC,0,2,1,0
División 5,Jornada 1,1,Mega Pollo Generation Shinobi,Hellfire Academy,1,0,1,B,,TheMakroX,Tahm Kench,Support,0,2,1,0
División 5,Jornada 1,1,Vyronx Panda,Loco Wasa Truncapingas,1,0,1,A,,Ω TIMÖ Ω,Dr. Mundo,Top,1,3,5,1
División 5,Jornada 1,1,Vyronx Panda,Loco Wasa Truncapingas,1,0,1,A,,MAC Half Chicken,Pantheon,Jungle,9,3,16,1
División 5,Jornada 1,1,Vyronx Panda,Loco Wasa Truncapingas,1,0,1,A,,Luiszol,Diana,Mid,5,6,7,1
División 5,Jornada 1,1,Vyronx Panda,Loco Wasa Truncapingas,1,0,1,A,,Jöttunn,Jinx,ADC,16,2,10,1
División 5,Jornada 1,1,Vyronx Panda,Loco Wasa Truncapingas,1,0,1,A,,Coneja Pelleja,Braum,Support,1,3,25,1
División 5,Jornada 1,1,Vyronx Panda,Loco Wasa Truncapingas,1,0,1,B,,LWT Domper,Cho'Gath,Top,3,4,1,0
División 5,Jornada 1,1,Vyronx Panda,Loco Wasa Truncapingas,1,0,1,B,,LWT Surfer0,Wukong,Jungle,5,5,8,0
División 5,Jornada 1,1,Vyronx Panda,Loco Wasa Truncapingas,1,0,1,B,,LWT King Breogán,Viktor,Mid,4,5,6,0
División 5,Jornada 1,1,Vyronx Panda,Loco Wasa Truncapingas,1,0,1,B,,LWT Aledoodle,Caitlyn,ADC,3,8,4,0
División 5,Jornada 1,1,Vyronx Panda,Loco Wasa Truncapingas,1,0,1,B,,LWT rekoR,Nautilus,Support,2,10,10,0
División 5,Jornada 1,1,LUNARIS GAMING,HARAM,0,1,1,A,,FabiShiny,Yone,Top,4,8,3,0
División 5,Jornada 1,1,LUNARIS GAMING,HARAM,0,1,1,A,,Didix14,Wukong,Jungle,1,9,8,0
División 5,Jornada 1,1,LUNARIS GAMING,HARAM,0,1,1,A,,Gyro,Xerath,Mid,4,6,3,0
División 5,Jornada 1,1,LUNARIS GAMING,HARAM,0,1,1,A,,Jotaa,Ziggs,ADC,3,2,8,0
División 5,Jornada 1,1,LUNARIS GAMING,HARAM,0,1,1,A,,Valduim,Leona,Support,1,8,8,0
División 5,Jornada 1,1,LUNARIS GAMING,HARAM,0,1,1,B,,Easydrino,Ornn,Top,3,1,13,1
División 5,Jornada 1,1,LUNARIS GAMING,HARAM,0,1,1,B,,BONPREU ESCLAT,Pantheon,Jungle,17,2,7,1
División 5,Jornada 1,1,LUNARIS GAMING,HARAM,0,1,1,B,,Keviiin21,Syndra,Mid,9,3,10,1
División 5,Jornada 1,1,LUNARIS GAMING,HARAM,0,1,1,B,,tokita tokita,Seraphine,ADC,4,3,8,1
División 5,Jornada 1,1,LUNARIS GAMING,HARAM,0,1,1,B,,MDK Aitanax,Braum,Support,0,4,15,1
División 5,Jornada 1,1,PorKs,SUSTRAI,0,1,1,A,,Vandervan9,Dr. Mundo,Top,3,4,0,0
División 5,Jornada 1,1,PorKs,SUSTRAI,0,1,1,A,,THE enemy,Wukong,Jungle,0,5,3,0
División 5,Jornada 1,1,PorKs,SUSTRAI,0,1,1,A,,Mouseman,Viktor,Mid,2,4,0,0
División 5,Jornada 1,1,PorKs,SUSTRAI,0,1,1,A,,Dani Jaeger,Caitlyn,ADC,0,5,1,0
División 5,Jornada 1,1,PorKs,SUSTRAI,0,1,1,A,,Josem6,Renata Glasc,Support,0,5,2,0
División 5,Jornada 1,1,PorKs,SUSTRAI,0,1,1,B,,G2 Gavi,Renekton,Top,6,2,3,1
División 5,Jornada 1,1,PorKs,SUSTRAI,0,1,1,B,,NAVI Unai Simón,Poppy,Jungle,2,0,12,1
División 5,Jornada 1,1,PorKs,SUSTRAI,0,1,1,B,,SR Gurb,Taliyah,Mid,3,2,9,1
División 5,Jornada 1,1,PorKs,SUSTRAI,0,1,1,B,,Darckmate,Kai'Sa,ADC,10,0,6,1
División 5,Jornada 1,1,PorKs,SUSTRAI,0,1,1,B,,DegueCR,Thresh,Support,2,1,14,1
División 5,Jornada 1,1,Aceituna Gaming,La 33,1,0,1,A,,Arësth,Malphite,Top,5,0,7,1
División 5,Jornada 1,1,Aceituna Gaming,La 33,1,0,1,A,,DaniPanic,Nasus,Jungle,11,0,7,1
División 5,Jornada 1,1,Aceituna Gaming,La 33,1,0,1,A,,Dragyni,Malzahar,Mid,4,0,11,1
División 5,Jornada 1,1,Aceituna Gaming,La 33,1,0,1,A,,TKG DarkAngel73,Tristana,ADC,8,1,4,1
División 5,Jornada 1,1,Aceituna Gaming,La 33,1,0,1,A,,LúcyRawrDreams,Morgana,Support,3,2,19,1
División 5,Jornada 1,1,Aceituna Gaming,La 33,1,0,1,B,,minijojo,Gwen,Top,0,6,0,0
División 5,Jornada 1,1,Aceituna Gaming,La 33,1,0,1,B,,magamarrana,Shyvana,Jungle,2,7,0,0
División 5,Jornada 1,1,Aceituna Gaming,La 33,1,0,1,B,,nukk,Aurora,Mid,0,5,0,0
División 5,Jornada 1,1,Aceituna Gaming,La 33,1,0,1,B,,Little,Xayah,ADC,1,6,0,0
División 5,Jornada 1,1,Aceituna Gaming,La 33,1,0,1,B,,masip08,Rakan,Support,0,7,0,0
División 5,Jornada 1,1,Fuji Fenix,Helldogs,0,1,1,A,,FUJI MarioLoLL,,,12,3,4,0
División 5,Jornada 1,1,Fuji Fenix,Helldogs,0,1,1,A,,Yifan2003,,,9,11,7,0
División 5,Jornada 1,1,Fuji Fenix,Helldogs,0,1,1,A,,Frost,,,0,5,13,0
División 5,Jornada 1,1,Fuji Fenix,Helldogs,0,1,1,A,,Inaros,,,0,8,10,0
División 5,Jornada 1,1,Fuji Fenix,Helldogs,0,1,1,A,,Adricraft2008,,,4,7,7,0
División 5,Jornada 1,1,Fuji Fenix,Helldogs,0,1,1,B,,HDG chaluri,,,5,7,15,1
División 5,Jornada 1,1,Fuji Fenix,Helldogs,0,1,1,B,,HDG Crow,,,14,3,8,1
División 5,Jornada 1,1,Fuji Fenix,Helldogs,0,1,1,B,,pollothekiller,,,10,3,11,1
División 5,Jornada 1,1,Fuji Fenix,Helldogs,0,1,1,B,,HDG SorKeZ,,,1,8,7,1
División 5,Jornada 1,1,Fuji Fenix,Helldogs,0,1,1,B,,HDG carguimo,,,4,4,19,1
División 5,Jornada 1,1,Supernova Crypt,PTS,1,0,1,A,,LuigiFox,,,2,6,13,1
División 5,Jornada 1,1,Supernova Crypt,PTS,1,0,1,A,,ImNotASmurf,,,7,2,7,1
División 5,Jornada 1,1,Supernova Crypt,PTS,1,0,1,A,,Liminal Rain,,,7,4,8,1
División 5,Jornada 1,1,Supernova Crypt,PTS,1,0,1,A,,Triiillo,,,9,3,8,1
División 5,Jornada 1,1,Supernova Crypt,PTS,1,0,1,A,,mevang,,,7,5,11,1
División 5,Jornada 1,1,Supernova Crypt,PTS,1,0,1,B,,PressureFelp,,,1,6,5,0
División 5,Jornada 1,1,Supernova Crypt,PTS,1,0,1,B,,DNAlex,,,9,8,3,0
División 5,Jornada 1,1,Supernova Crypt,PTS,1,0,1,B,,DavidjajaLOL,,,3,4,6,0
División 5,Jornada 1,1,Supernova Crypt,PTS,1,0,1,B,,Homelander,,,3,4,6,0
División 5,Jornada 1,1,Supernova Crypt,PTS,1,0,1,B,,Erankoh,,,4,10,9,0
División 5,Jornada 1,1,TOPSMURF,Los Ratones Perez,1,0,1,A,,Tharkún8,,,4,2,5,1
División 5,Jornada 1,1,TOPSMURF,Los Ratones Perez,1,0,1,A,,OneArmedWolf,,,12,0,8,1
División 5,Jornada 1,1,TOPSMURF,Los Ratones Perez,1,0,1,A,,Be a King,,,8,1,13,1
División 5,Jornada 1,1,TOPSMURF,Los Ratones Perez,1,0,1,A,,Minervae,,,1,2,15,1
División 5,Jornada 1,1,TOPSMURF,Los Ratones Perez,1,0,1,A,,alaifer15,,,3,2,13,1
División 5,Jornada 1,1,TOPSMURF,Los Ratones Perez,1,0,1,B,,SituationshipCEO,,,2,6,1,0
División 5,Jornada 1,1,TOPSMURF,Los Ratones Perez,1,0,1,B,,Marcogomez56,,,2,4,1,0
División 5,Jornada 1,1,TOPSMURF,Los Ratones Perez,1,0,1,B,,litos,,,0,8,1,0
División 5,Jornada 1,1,TOPSMURF,Los Ratones Perez,1,0,1,B,,Braisinn,,,3,5,0,0
División 5,Jornada 1,1,TOPSMURF,Los Ratones Perez,1,0,1,B,,Varikokola,,,0,5,3,0
División 5,Jornada 1,1,Shadow Uniovi eSports,Tanguita del Joker,1,0,1,A,,SrMidway,,,6,3,16,1
División 5,Jornada 1,1,Shadow Uniovi eSports,Tanguita del Joker,1,0,1,A,,Schizophrelia,,,8,1,10,1
División 5,Jornada 1,1,Shadow Uniovi eSports,Tanguita del Joker,1,0,1,A,,Jeda,,,6,2,8,1
División 5,Jornada 1,1,Shadow Uniovi eSports,Tanguita del Joker,1,0,1,A,,Nife,,,14,3,5,1
División 5,Jornada 1,1,Shadow Uniovi eSports,Tanguita del Joker,1,0,1,A,,Megu,,,1,2,19,1
División 5,Jornada 1,1,Shadow Uniovi eSports,Tanguita del Joker,1,0,1,B,,pantera139,,,2,9,2,0
División 5,Jornada 1,1,Shadow Uniovi eSports,Tanguita del Joker,1,0,1,B,,Makamiii,,,2,9,8,0
División 5,Jornada 1,1,Shadow Uniovi eSports,Tanguita del Joker,1,0,1,B,,juko41,,,3,3,2,0
División 5,Jornada 1,1,Shadow Uniovi eSports,Tanguita del Joker,1,0,1,B,,TJ erzedantes,,,3,6,4,0
División 5,Jornada 1,1,Shadow Uniovi eSports,Tanguita del Joker,1,0,1,B,,NSJ Juny,,,1,8,5,0
