division,team,player_nick,player_display,player_slug,riot_id,opgg_url,role,roster_status,is_captain
División 1,Valkiria's Vikings,BARROSO#2960,BARROSO,,BARROSO#COACH,https://www.op.gg/summoners/euw/BARROSO-COACH,,Entrenador,
División 1,Valkiria's Vikings,MisterPlatano#5574,MisterPlatano,,MisterPlatano#EUW,https://www.op.gg/summoners/euw/MisterPlatano-EUW,,Propietario,
División 1,Valkiria's Vikings,SPR Green#2428,Green27,,VKS Green#MNG,https://www.op.gg/summoners/euw/VKS%20Green-MNG,,Capitán,
División 1,Valkiria's Vikings,Isma96#4514,Isma96,,Isma96#YEEEP,https://www.op.gg/summoners/euw/Isma96-YEEEP,,Capitán,
División 1,Valkiria's Vikings,ibai true blue#1010,ibai true blue,,Ryoma Echizen#16823,https://www.op.gg/summoners/euw/Ryoma%20Echizen-16823,,Jugador,
División 1,Valkiria's Vikings,LightFall#4677,LightFall,,LightFall#GOD,https://www.op.gg/summoners/euw/LightFall-GOD,,Jugador,
División 1,Valkiria's Vikings,VKR Zeron#9798,VKR Zeron,,Zeron#MID,https://www.op.gg/summoners/euw/Zeron-MID,,Jugador,
División 1,Valkiria's Vikings,VWVWVVVWWWVWVWVV#1549,VWVWVVVWWWVWVWVV,,Umbreon#LaaoC,https://www.op.gg/summoners/euw/Umbreon-LaaoC,,Jugador,
División 1,Valkiria's Vikings,Zenitsu#2699,Oda,,PERDISTE EL EMMY#Oda,https://www.op.gg/summoners/euw/PERDISTE%20EL%20EMMY-Oda,,Jugador,
División 1,Valkiria's Vikings,Elmo#3321,Elmo,,Elmo#LOCKD,https://www.op.gg/summoners/euw/Elmo-LOCKD,,Jugador,
División 1,Valkiria's Vikings,ESPORTACUS777#4327,ESPORTACUS777,,ESPORTACUS777#MEOW,https://www.op.gg/summoners/euw/ESPORTACUS777-MEOW,,Jugador,
División 1,BYAKKO'S BREEDERS,16CsK#3775,16CsK,,16CsK#DIC,https://www.op.gg/summoners/euw/16CsK-DIC,,Propietario,
División 1,BYAKKO'S BREEDERS,Best Manager EUW#5240,Best Manager EUW,,Tebas Dimision#JAIL,https://www.op.gg/summoners/euw/Tebas%20Dimision-JAIL,,Mánager,
División 1,BYAKKO'S BREEDERS,GuanchO#2029,GuanchO,,GuanchO#MLG,https://www.op.gg/summoners/euw/GuanchO-MLG,,Jugador,
División 1,BYAKKO'S BREEDERS,W1K3R#5181,W1K3R,,REY DE LA CLOACA#W1K3R,https://www.op.gg/summoners/euw/REY%20DE%20LA%20CLOACA-W1K3R,,Jugador,
División 1,BYAKKO'S BREEDERS,Urgaleex#4491,Urgaleex,,Alex#fishy,https://www.op.gg/summoners/euw/Alex-fishy,,Jugador,
División 1,BYAKKO'S BREEDERS,Nacho#2876,Nacho,,Nacho#ochaN,https://www.op.gg/summoners/euw/Nacho-ochaN,,Jugador,
División 1,BYAKKO'S BREEDERS,Johnarnau#6451,Johnarnau,,Reventxz#TSC,https://www.op.gg/summoners/euw/Reventxz-TSC,,Jugador,
División 1,BYAKKO'S BREEDERS,LA RANGER#8825,Jesuscpev,,Quevedo#cpev,https://www.op.gg/summoners/euw/Quevedo-cpev,,Jugador,
División 1,BYAKKO'S BREEDERS,Sh3ry#3220,Sh3ry,,Culoncin#Sh3ry,https://www.op.gg/summoners/euw/Culoncin-Sh3ry,,Jugador,
División 1,BYAKKO'S BREEDERS,Zherathor#4609,Zherathor,,Zherathor#feo,https://www.op.gg/summoners/euw/Zherathor-feo,,Jugador,
División 1,BYAKKO'S BREEDERS,Regi#6666,Regi,,Regi#1708,https://www.op.gg/summoners/euw/Regi-1708,,Jugador,
División 1,BYAKKO'S BREEDERS,Petalo#8527,Petalo,,Will Serfort#MAGIC,https://www.op.gg/summoners/euw/Will%20Serfort-MAGIC,,Jugador,
División 1,Guinea Pink,Shötô#3929,Shötô,,Shötô#WUE,https://www.op.gg/summoners/euw/Sh%C3%B6t%C3%B4-WUE,,Entrenador,
División 1,Guinea Pink,GP Cel#3756,GP Cel,,GP Cel#CUI,https://www.op.gg/summoners/euw/GP%20Cel-CUI,,Propietario,
División 1,Guinea Pink,MarinaPalacci#8447,MarinaPalacci,,MarinaPalacci#1111,https://www.op.gg/summoners/euw/MarinaPalacci-1111,,Capitán,
División 1,Guinea Pink,Mr Robot#9976,Mr Robot,,Mr Robot#2026,https://www.op.gg/summoners/euw/Mr%20Robot-2026,,Jugador,
División 1,Guinea Pink,Fugu#6098,Fugu,,Yuta Okkotsu#VLC,https://www.op.gg/summoners/euw/Yuta%20Okkotsu-VLC,,Jugador,
División 1,Guinea Pink,FM Alén Stark#2369,FM Alén Stark,,FM Alén Stark#EUW,https://www.op.gg/summoners/euw/FM%20Al%C3%A9n%20Stark-EUW,,Jugador,
División 1,Guinea Pink,Sleep well buff #7567,Sleep well buff,,Pinkmin#ATC,https://www.op.gg/summoners/euw/Pinkmin-ATC,,Jugador,
División 1,Guinea Pink,Methanaute#9959,Methanaute,,Methanaute#0000,https://www.op.gg/summoners/euw/Methanaute-0000,,Jugador,
División 1,Guinea Pink,Feeling March#7409,Feeling March,,,,,Jugador,
División 1,Guinea Pink,Dextyle#1889,Dextyle,,Dextyle#TROPA,https://www.op.gg/summoners/euw/Dextyle-TROPA,,Jugador,
División 1,Guinea Pink,Tar ar ais#5056,Tar ar ais,,nostalgiaaaaaaaa#4322,https://www.op.gg/summoners/euw/nostalgiaaaaaaaa-4322,,Jugador,
División 1,Guinea Pink,satöru gojo#1160,satöru gojo,,Antihero Arc#TROPA,https://www.op.gg/summoners/euw/Antihero%20Arc-TROPA,,Jugador,
División 1,EK Esports,ereki#8759,ereki,,,,,Propietario,
División 1,EK Esports,Yiambox#4233,Yiambox,,Yiambox#2424,https://www.op.gg/summoners/euw/Yiambox-2424,,Capitán,
División 1,EK Esports,GENERAL ISHII#9594,GENERAL ISHII,,JÉNOVA FAITHFUL#UFO,https://www.op.gg/summoners/euw/J%C3%89NOVA%20FAITHFUL-UFO,,Capitán,
División 1,EK Esports,Igrid#1447,Igrid,,Igrid#mama,https://www.op.gg/summoners/euw/Igrid-mama,,Jugador,
División 1,EK Esports,Nilloo el Patrón#8542,Nilloo el Patrón,,Nilloo el Patrón#EUW,https://www.op.gg/summoners/euw/Nilloo%20el%20Patr%C3%B3n-EUW,,Jugador,
División 1,EK Esports,BΔĎ PŮßΫŠ#8124,BΔĎ PŮßΫŠ,,Pußa#NERD,https://www.op.gg/summoners/euw/Pu%C3%9Fa-NERD,,Jugador,
División 1,EK Esports,AKA VUELVE#8421,AKA VUELVE,,hoe r1der#angel,https://www.op.gg/summoners/euw/hoe%20r1der-angel,,Jugador,
División 1,EK Esports,Liss The Iceborn#3885,Liss The Iceborn,,Liss The Iceborn#LISS,https://www.op.gg/summoners/euw/Liss%20The%20Iceborn-LISS,,Jugador,
División 1,EK Esports,Basura#2586,Basura,,,,,Jugador,
División 1,EK Esports,ΩTuΕxMujerΩ#6289,ΩTuΕxMujerΩ,,,,,Jugador,
División 1,VVV,Ramos rzs#3561,Ramos rzs,,TruñonChupado#ESP,https://www.op.gg/summoners/euw/Tru%C3%B1onChupado-ESP,,Capitán,
División 1,VVV,Adaggio#5918,Adaggio,,Adaggio#EUW,https://www.op.gg/summoners/euw/Adaggio-EUW,,Mánager,
División 1,VVV,Zherathor#4609,Zherathor,,Zherathor#feo,https://www.op.gg/summoners/euw/Zherathor-feo,,Jugador,
División 1,VVV,Daemon Targaryen#3362,Daemon Targaryen,,Bolyy1#JAMBO,https://www.op.gg/summoners/euw/Bolyy1-JAMBO,,Jugador,
División 1,VVV,Zenith#2854,Zenith,,Zenith#Kat,https://www.op.gg/summoners/euw/Zenith-Kat,,Jugador,
División 1,VVV,kappachungus#2259,kappachungus,,kappachungus#won,https://www.op.gg/summoners/euw/kappachungus-won,,Jugador,
División 1,VVV,Night Demon#6186,Night Demon,,DahVysx#woof,https://www.op.gg/summoners/euw/DahVysx-woof,,Jugador,
División 1,VVV,balance#8140,balance,,balance#Zemun,https://www.op.gg/summoners/euw/balance-Zemun,,Jugador,
División 1,VVV,Pinki#4835,Pinki,,Pinki#PPPPP,https://www.op.gg/summoners/euw/Pinki-PPPPP,,Jugador,
División 1,VVV,LT LAST ADKING#7251,LT LAST ADKING,,,,,Jugador,
División 1,VVV,Démon Roubaisien#5503,Démon Roubaisien,,,,,Jugador,
División 1,MADE IN HEAVEN,Nightlover#6535,Taba,,BIBERON#Taba,https://www.op.gg/summoners/euw/BIBERON-Taba,,Capitán,
División 1,MADE IN HEAVEN,Parlis#5974,Parlis,,Parlis#PRLS,https://www.op.gg/summoners/euw/Parlis-PRLS,,Jugador,
División 1,MADE IN HEAVEN,Nanchuco#5824,Nanchuco,,SECO BOY#fishy,https://www.op.gg/summoners/euw/SECO%20BOY-fishy,,Jugador,
División 1,MADE IN HEAVEN,cabeza de chivo#4395,cabeza de chivo,,ay mi gatito#m1au,https://www.op.gg/summoners/euw/ay%20mi%20gatito-m1au,,Jugador,
División 1,MADE IN HEAVEN,Yocks#3615,Yocks,,Yocks#1516,https://www.op.gg/summoners/euw/Yocks-1516,,Jugador,
División 1,MADE IN HEAVEN,LgenD fanboy#2940,LgenD fanboy,,LgenD fanboy#EUW,https://www.op.gg/summoners/euw/LgenD%20fanboy-EUW,,Jugador,
División 1,MADE IN HEAVEN,Κandar#2042,Κandar,,Κandar#EUW,https://www.op.gg/summoners/euw/%CE%9Aandar-EUW,,Jugador,
División 1,MADE IN HEAVEN,PRH Tøts#2213,PRH Tøts,,I AM HERE#Oso,https://www.op.gg/summoners/euw/I%20AM%20HERE-Oso,,Jugador,
División 1,MADE IN HEAVEN,Jervo#2179,Jervo,,Jervo#GOLD,https://www.op.gg/summoners/euw/Jervo-GOLD,,Jugador,
División 1,MADE IN HEAVEN,CΑRTAMENIO#8750,CΑRTAMENIO,,CΑRTAMENIO#PANAS,https://www.op.gg/summoners/euw/C%CE%91RTAMENIO-PANAS,,Jugador,
División 1,MADE IN HEAVEN,Suren#3717,Suren,,dk top#Suren,https://www.op.gg/summoners/euw/dk%20top-Suren,,Jugador,
División 1,MADE IN HEAVEN,lordnabos#7270,lordnabos,,lordnabos#EUW,https://www.op.gg/summoners/euw/lordnabos-EUW,,Jugador,
División 1,MADE IN HEAVEN,XENXO#4899,XENXO,,XENXO#KOLO,https://www.op.gg/summoners/euw/XENXO-KOLO,,Jugador,
División 1,Movistar KOI Karps,Myeon#1697,Myeon,,Myeon#111,https://www.op.gg/summoners/euw/Myeon-111,,Entrenador,
División 1,Movistar KOI Karps,kaczynski#4655,kaczynski,,Jefe Borjiita#1932,https://www.op.gg/summoners/euw/Jefe%20Borjiita-1932,,Mánager,
División 1,Movistar KOI Karps,Néstor1#4769,Néstor1,,todo sale bien#ADC,https://www.op.gg/summoners/euw/todo%20sale%20bien-ADC,,Jugador,
División 1,Movistar KOI Karps,LR TEQ UI GOKU#4822,LR TEQ UI GOKU,,Perfect Time#7Sins,https://www.op.gg/summoners/euw/Perfect%20Time-7Sins,,Jugador,
División 1,Movistar KOI Karps,v i c t o r y#6521,v i c t o r y,,v i c t o r y#7 7 7,https://www.op.gg/summoners/euw/v%20i%20c%20t%20o%20r%20y-7%207%207,,Jugador,
División 1,Movistar KOI Karps,Thorizal#2037,Thorizal,,Thorizal#FR1,https://www.op.gg/summoners/euw/Thorizal-FR1,,Jugador,
División 1,Movistar KOI Karps,Mali Patan#3878,Mali Patan,,Mali Patan#EUW,https://www.op.gg/summoners/euw/Mali%20Patan-EUW,,Jugador,
División 1,Movistar KOI Karps,Corvo Attano#9254,Corvo Attano,,Corvo Attano#11111,https://www.op.gg/summoners/euw/Corvo%20Attano-11111,,Jugador,
División 1,Kawaii Kiwis 2026,Erlo#9832,Erlo,,Kimi Räikkönen#Erlo,https://www.op.gg/summoners/euw/Kimi%20R%C3%A4ikk%C3%B6nen-Erlo,,Capitán,
División 1,Kawaii Kiwis 2026,Bruno04#7386,Bruno04,,freezing band#frost,https://www.op.gg/summoners/euw/freezing%20band-frost,,Jugador,
División 1,Kawaii Kiwis 2026,Lil Porrow#1542,Lil Porrow,,Cachorrow#SRRW,https://www.op.gg/summoners/euw/Cachorrow-SRRW,,Jugador,
División 1,Kawaii Kiwis 2026,Kings will be GM#7064,Kings will be GM,,KWK Kingsblade#KWK,https://www.op.gg/summoners/euw/KWK%20Kingsblade-KWK,,Jugador,
División 1,Kawaii Kiwis 2026,Bossman 8#1576,Bossman 8,,Bossman 8#TOUMS,https://www.op.gg/summoners/euw/Bossman%208-TOUMS,,Jugador,
División 1,Kawaii Kiwis 2026,joeyscags#7503,joeyscags,,joeyscags#Life,https://www.op.gg/summoners/euw/joeyscags-Life,,Jugador,
División 1,Kawaii Kiwis 2026,Droekt#1131,Droekt,,Knight Artorias#drkt,https://www.op.gg/summoners/euw/Knight%20Artorias-drkt,,Jugador,
División 2,Nocturne Gale LOL,Sarahgk92#9091,Sarahgk92,,Sarahgk92#NGale,https://www.op.gg/summoners/euw/Sarahgk92-NGale,,Propietario,
División 2,Nocturne Gale LOL,Gabor101#5615,Gabor101,,Gabor101#EUW,https://www.op.gg/summoners/euw/Gabor101-EUW,,Reserva,
División 2,Nocturne Gale LOL,BLUELOCK BUBAPU#1112,BLUELOCK BUBAPU,,BLUELOCK BUBAPU#WAWAS,https://www.op.gg/summoners/euw/BLUELOCK%20BUBAPU-WAWAS,,Reserva,
División 2,Nocturne Gale LOL,Infinitε#5069,Infinite,,Infinite v1#01 25,https://www.op.gg/summoners/euw/Infinite%20v1-01%2025,,Jugador,
División 2,Nocturne Gale LOL,Evan MacMillan#4910,Evan MacMillan,,Evan MacMillan#EUW11,https://www.op.gg/summoners/euw/Evan%20MacMillan-EUW11,,Jugador,
División 2,Nocturne Gale LOL,elpapitoguapo#1227,elpapitoguapo,,elpapitoguapo#666,https://www.op.gg/summoners/euw/elpapitoguapo-666,,Jugador,
División 2,Nocturne Gale LOL,Niten Ichi Ryu#2559,MYN0,,Seiichi Samura#火MYNO,https://www.op.gg/summoners/euw/Seiichi%20Samura-%E7%81%ABMYNO,,Jugador,
División 2,Nocturne Gale LOL,Nerøø#3764,Nerøø,,Nerøø#Kong,https://www.op.gg/summoners/euw/Ner%C3%B8%C3%B8-Kong,,Jugador,
División 2,Guadalquivir Gaming,El PirataFunado#6667,El PirataFunado,,PirataFunado#KITTY,https://www.op.gg/summoners/euw/PirataFunado-KITTY,,Capitán,
División 2,Guadalquivir Gaming,Juanmillus#7763,Juanmillus,,Juanmillus#B3T1S,https://www.op.gg/summoners/euw/Juanmillus-B3T1S,,Jugador,
División 2,Guadalquivir Gaming,binks no sake#4465,binks no sake,,2 6#8 9,https://www.op.gg/summoners/euw/2%206-8%209,,Jugador,
División 2,Guadalquivir Gaming,Nmout 3lik#5657,Nmout 3lik,,Nmout 3lik#Cruz1,https://www.op.gg/summoners/euw/Nmout%203lik-Cruz1,,Jugador,
División 2,Guadalquivir Gaming,Oathbringer#6829,Oathbringer,,Oathbringer#Unite,https://www.op.gg/summoners/euw/Oathbringer-Unite,,Jugador,
División 2,Guadalquivir Gaming,donec perficiam#4259,donec perficiam,,donec perficiam#017,https://www.op.gg/summoners/euw/donec%20perficiam-017,,Jugador,
División 2,Guadalquivir Gaming,ElSalgueiro23#9832,Salgueiro23,,Salgueiro#2004,https://www.op.gg/summoners/euw/Salgueiro-2004,,Jugador,
División 2,Guadalquivir Gaming,VKR Yanghu#3991,VKR Yanghu,,Tristepin#PSOE,https://www.op.gg/summoners/euw/Tristepin-PSOE,,Jugador,
División 2,Tan’i eSports LoL,kaworu#4708,Lapis,,SUPERRESERVAO#LPS,https://www.op.gg/summoners/euw/SUPERRESERVAO-LPS,,Entrenador,
División 2,Tan’i eSports LoL,que miras maja#1388,que miras maja,,tani cigarro#TNI,https://www.op.gg/summoners/euw/tani%20cigarro-TNI,,Propietario,
División 2,Tan’i eSports LoL,R1chi#5855,R1chi,,R1chi#GLZ,https://www.op.gg/summoners/euw/R1chi-GLZ,,Capitán,
División 2,Tan’i eSports LoL,AxeI Blaze#9438,AxeI Blaze,,Pikii#Pato,https://www.op.gg/summoners/euw/Pikii-Pato,,Jugador,
División 2,Tan’i eSports LoL,satöru gojo#1160,satöru gojo,,Antihero Arc#TROPA,https://www.op.gg/summoners/euw/Antihero%20Arc-TROPA,,Jugador,
División 2,Tan’i eSports LoL,Magico#5567,Magico,,WAGIC365#TROPA,https://www.op.gg/summoners/euw/WAGIC365-TROPA,,Jugador,
División 2,Tan’i eSports LoL,Tar ar ais#5056,Tar ar ais,,nostalgiaaaaaaaa#4322,https://www.op.gg/summoners/euw/nostalgiaaaaaaaa-4322,,Jugador,
División 2,Tan’i eSports LoL,Dextyle#1889,Dextyle,,Dextyle#TROPA,https://www.op.gg/summoners/euw/Dextyle-TROPA,,Jugador,
División 2,Tan’i eSports LoL,sTill DemøN#8415,Calleh,,CHARLES DO BRONX#n12,https://www.op.gg/summoners/euw/CHARLES%20DO%20BRONX-n12,,Jugador,
División 2,Tan’i eSports LoL,Nanchuco#5824,Nanchuco,,SECO BOY#fishy,https://www.op.gg/summoners/euw/SECO%20BOY-fishy,,Jugador,
División 2,Tan’i eSports LoL,Boohis#4482,Boohis,,Patrick Jane#BOO,https://www.op.gg/summoners/euw/Patrick%20Jane-BOO,,Jugador,
División 2,Tan’i eSports LoL,IM NEVER ENOUGH#6672,Nikitou,,LOSER NIKI999#sad,https://www.op.gg/summoners/euw/LOSER%20NIKI999-sad,,Jugador,
División 2,Phoenix eSports,FromDarkWithLove#4515,FromDarkWithLove,,GONZA13#MKOI,https://www.op.gg/summoners/euw/GONZA13-MKOI,,Staff,
División 2,Phoenix eSports,PauFerran#9895,PauFerran,,TrabucoAssassino#RIPLP,https://www.op.gg/summoners/euw/TrabucoAssassino-RIPLP,,Propietario,
División 2,Phoenix eSports,TecnoBetih#5280,TecnoBetih,,TecnoBetih#RBB,https://www.op.gg/summoners/euw/TecnoBetih-RBB,,Capitán,
División 2,Phoenix eSports,SW Nàthan#4926,SW Nàthan,,Nàthan#Ashen,https://www.op.gg/summoners/euw/N%C3%A0than-Ashen,,Jugador,
División 2,Phoenix eSports,Makitah#8180,Makitah,,Makitah#EUW,https://www.op.gg/summoners/euw/Makitah-EUW,,Jugador,
División 2,Phoenix eSports,SW Cosmolite#3859,SW Cosmolite,,Smithereens#JJJ,https://www.op.gg/summoners/euw/Smithereens-JJJ,,Jugador,
División 2,Phoenix eSports,en fin#7468,en fin,,en fin#klays,https://www.op.gg/summoners/euw/en%20fin-klays,,Jugador,
División 2,Phoenix eSports,NerVer#6955,NerVer,,NerVer#1511,https://www.op.gg/summoners/euw/NerVer-1511,,Jugador,
División 2,Phoenix eSports,Δkrantor#8159,Δkrantor,,Δkrantor#CAST,https://www.op.gg/summoners/euw/%CE%94krantor-CAST,,Jugador,
División 2,AzE,AzE Buiz#9563,AzE Buiz,,Xpeke Galeguista#WIWI,https://www.op.gg/summoners/euw/Xpeke%20Galeguista-WIWI,,Propietario,
División 2,AzE,Galician Chovy#2784,Galician Chovy,,Galician Chovy#DPT,https://www.op.gg/summoners/euw/Galician%20Chovy-DPT,,Capitán,
División 2,AzE,Cielo#5357,Cielo,,Rika Orimoto#ring,https://www.op.gg/summoners/euw/Rika%20Orimoto-ring,,Reserva,
División 2,AzE,Pablo el Pedrolo#2509,Pablo el Pedrolo,,Pablo el Pedrolo#EUW,https://www.op.gg/summoners/euw/Pablo%20el%20Pedrolo-EUW,,Jugador,
División 2,AzE,LR AGL UI GOKU#6311,LR AGL UI GOKU,,dearly beloved#139,https://www.op.gg/summoners/euw/dearly%20beloved-139,,Jugador,
División 2,AzE,Hygoneta#2860,Hygoneta,,Galician Canyon#DPT,https://www.op.gg/summoners/euw/Galician%20Canyon-DPT,,Jugador,
División 2,AzE,Pýrus#2701,Pýrus,,Kaladin#Pyrus,https://www.op.gg/summoners/euw/Kaladin-Pyrus,,Jugador,
División 2,AzE,Boohis#4482,Boohis,,Patrick Jane#BOO,https://www.op.gg/summoners/euw/Patrick%20Jane-BOO,,Jugador,
División 2,VentuCorp eSports LOL,Coach ZelainD#8880,CoachZelainD,,Coach ZelainD#TNI,https://www.op.gg/summoners/euw/Coach%20ZelainD-TNI,,Entrenador,
División 2,VentuCorp eSports LOL,CG Setnom#3194,CG Setnom,,CG Setnom#EUW,https://www.op.gg/summoners/euw/CG%20Setnom-EUW,,Entrenador,
División 2,VentuCorp eSports LOL,CG Serdega#4937,CG Serdega,,CG Serdega#ESP,https://www.op.gg/summoners/euw/CG%20Serdega-ESP,,Propietario,
División 2,VentuCorp eSports LOL,Pankiu#1105,Anticuchito,,Pankiu#1011,https://www.op.gg/summoners/euw/Pankiu-1011,,Mánager,
División 2,VentuCorp eSports LOL,elVentuXD#6981,elVentuXD,,elVentuXD#EUW,https://www.op.gg/summoners/euw/elVentuXD-EUW,,Mánager,
División 2,VentuCorp eSports LOL,Deceller#8132,Deceller,,Deceller#2121,https://www.op.gg/summoners/euw/Deceller-2121,,Jugador,
División 2,VentuCorp eSports LOL,xNearK AG#4894,xNearK AG,,xNearK AG#EUW,https://www.op.gg/summoners/euw/xNearK%20AG-EUW,,Jugador,
División 2,VentuCorp eSports LOL,Eskiper#7083,Eskiper,,Eskiper#EUW,https://www.op.gg/summoners/euw/Eskiper-EUW,,Jugador,
División 2,VentuCorp eSports LOL,Bossman 7#1792,Bossman 7,,Bossman 7#Sexy,https://www.op.gg/summoners/euw/Bossman%207-Sexy,,Jugador,
División 2,VentuCorp eSports LOL,W16#1745,W16,,Wesele16#0303,https://www.op.gg/summoners/euw/Wesele16-0303,,Jugador,
División 2,VentuCorp eSports LOL,PRH Tøts#2213,PRH Tøts,,I AM HERE#Oso,https://www.op.gg/summoners/euw/I%20AM%20HERE-Oso,,Jugador,
División 2,VentuCorp eSports LOL,musicologo#5869,musicologo,,BACKSH0TS MAWUI#musi,https://www.op.gg/summoners/euw/BACKSH0TS%20MAWUI-musi,,Jugador,
División 2,BAD LIONS,shadownigth80#7069,shadownigth80,,shadownigth80#EUW,https://www.op.gg/summoners/euw/shadownigth80-EUW,,Propietario,
División 2,BAD LIONS,7Lonson#7921,7Lonson,,7Lonson#EUW,https://www.op.gg/summoners/euw/7Lonson-EUW,,Jugador,
División 2,BAD LIONS,NAMELESS ACCOUNT#3756,NAMELESS ACCOUNT,,,,,Jugador,
División 2,BAD LIONS,Freezer#5005,Freezer,,,,,Jugador,
División 2,BAD LIONS,Gaattsuu#5937,Gaattsuu,,Hikigaayaa#YUKNO,https://www.op.gg/summoners/euw/Hikigaayaa-YUKNO,,Jugador,
División 2,BAD LIONS,TTV XadowAsol#3225,TTV XadowAsol,,TTV XadowAsol#ASOL,https://www.op.gg/summoners/euw/TTV%20XadowAsol-ASOL,,Jugador,
División 2,BAD LIONS,Jairo#2587,Jairo,,,,,Jugador,
División 2,BAD LIONS,AnimatedY#9954,AnimatedY,,TwTv AnixEuw#NULL,https://www.op.gg/summoners/euw/TwTv%20AnixEuw-NULL,,Jugador,
División 2,ULTRA FALKE,notHospitalet#3582,notHospitalet,,Hospitalet#KING,https://www.op.gg/summoners/euw/Hospitalet-KING,,Staff,
División 2,ULTRA FALKE,MARC 5#3565,MARC 5,,MARC 5#5811,https://www.op.gg/summoners/euw/MARC%205-5811,,Propietario,
División 2,ULTRA FALKE,FNC GuindiKing#8714,FNC GuindiKing,,,,,Mánager,
División 2,ULTRA FALKE,RC 1138#4297,RC 1138,,TOP IS JGL GAP#CBA,https://www.op.gg/summoners/euw/TOP%20IS%20JGL%20GAP-CBA,,Jugador,
División 2,ULTRA FALKE,CEST1CEST1CEST1#4374,CEST1CEST1CEST1,,,,,Jugador,
División 2,ULTRA FALKE,MirrowFox#4065,MirrowFox,,MirrowFox#EUW,https://www.op.gg/summoners/euw/MirrowFox-EUW,,Jugador,
División 2,ULTRA FALKE,Meiq#5912,Meiq,,Meiq#angel,https://www.op.gg/summoners/euw/Meiq-angel,,Jugador,
División 2,ULTRA FALKE,aim for the moon#9495,phyro,,1423523423423532#CN1,https://www.op.gg/summoners/euw/1423523423423532-CN1,,Jugador,
División 2,ULTRA FALKE,PatxiElPirata#8295,PatxiElPirata,,PatxiElPirata#TOP,https://www.op.gg/summoners/euw/PatxiElPirata-TOP,,Jugador,
División 3,Valkiria's Thunder,MisterPlatano#5574,MisterPlatano,,MisterPlatano#EUW,https://www.op.gg/summoners/euw/MisterPlatano-EUW,,Propietario,
División 3,Valkiria's Thunder,SPR Green#2428,Green27,,VKS Green#MNG,https://www.op.gg/summoners/euw/VKS%20Green-MNG,,Propietario,
División 3,Valkiria's Thunder,GlowFly#6327,GlowFly,,Glow#0521,https://www.op.gg/summoners/euw/Glow-0521,,Capitán,
División 3,Valkiria's Thunder,GoRinKai#5318,GoRinKai,,GoRinKai#GRK,https://www.op.gg/summoners/euw/GoRinKai-GRK,,Jugador,
División 3,Valkiria's Thunder,babu#8459,babu,,Tyler Durden#012,https://www.op.gg/summoners/euw/Tyler%20Durden-012,,Jugador,
División 3,Valkiria's Thunder,SW PoMaMo#7104,PoMaMo,,PoMaMo#PoMa,https://www.op.gg/summoners/euw/PoMaMo-PoMa,,Jugador,
División 3,Valkiria's Thunder,VKR Zeref#9494,Zeref,,Billy Butcher#Zeref,https://www.op.gg/summoners/euw/Billy%20Butcher-Zeref,,Jugador,
División 3,Valkiria's Thunder,Fergohh#1459,Fergohh,,gohh#4500,https://www.op.gg/summoners/euw/gohh-4500,,Jugador,
División 3,Valkiria's Thunder,DemonChosen#6785,DemonChosen,,GMK Demon#LEE,https://www.op.gg/summoners/euw/GMK%20Demon-LEE,,Jugador,
División 3,Madrid in Game,AGUM0N#8321,AGUM0N,,AGUM0N#EUW,https://www.op.gg/summoners/euw/AGUM0N-EUW,,Capitán,
División 3,Madrid in Game,ShadowMax#9352,ShadowMax,,Max#MIG,https://www.op.gg/summoners/euw/Max-MIG,,Jugador,
División 3,Madrid in Game,Sesuruina#1426,Sesuruina,,Sesu#NIER,https://www.op.gg/summoners/euw/Sesu-NIER,,Jugador,
División 3,Madrid in Game,Vicwill#5976,Vicwill,,Vicwill#EUW,https://www.op.gg/summoners/euw/Vicwill-EUW,,Jugador,
División 3,Madrid in Game,violet crazy#1551,violet crazy,,angelowo#frost,https://www.op.gg/summoners/euw/angelowo-frost,,Jugador,
División 3,Madrid in Game,PRIMITA DE IBAI#5192,Nakama,,Nakama#TTV,https://www.op.gg/summoners/euw/Nakama-TTV,,Jugador,
División 3,Madrid in Game,Radar#3355,Radar,,Radar#PARIS,https://www.op.gg/summoners/euw/Radar-PARIS,,Jugador,
División 3,Azure Dragons,MarcMef#3964,MarcMef,,AZR Numeritos#AZR,https://www.op.gg/summoners/euw/AZR%20Numeritos-AZR,,Entrenador,
División 3,Azure Dragons,King Brais V#4390,King Brais V,,Mr PokeBraiis V#VEX,https://www.op.gg/summoners/euw/Mr%20PokeBraiis%20V-VEX,,Entrenador,
División 3,Azure Dragons,Tryndąmere#7663,Tryndąmere,,AZR Tryndąmere#精益求精,https://www.op.gg/summoners/euw/AZR%20Trynd%C4%85mere-%E7%B2%BE%E7%9B%8A%E6%B1%82%E7%B2%BE,,Propietario,
División 3,Azure Dragons,VDK Arii#7403,VDK Arii,,,,,Mánager,
División 3,Azure Dragons,Hynti#5586,Hynti,,Hynti#SSANG,https://www.op.gg/summoners/euw/Hynti-SSANG,,Reserva,
División 3,Azure Dragons,6ick9ine#3536,6ick9ine,,6ick9ine#1469,https://www.op.gg/summoners/euw/6ick9ine-1469,,Reserva,
División 3,Azure Dragons,SKX NotAz3r#2986,SKX NotAz3r,,NotAz3r#TOP,https://www.op.gg/summoners/euw/NotAz3r-TOP,,Jugador,
División 3,Azure Dragons,SKX Budha#8870,SKX Budha,,ModoBudha#SKX,https://www.op.gg/summoners/euw/ModoBudha-SKX,,Jugador,
División 3,Azure Dragons,FERNI#6240,FERNI,,FERNI#SUPP,https://www.op.gg/summoners/euw/FERNI-SUPP,,Jugador,
División 3,Azure Dragons,D4dtor#8759,D4dtor,,D4dtor#444,https://www.op.gg/summoners/euw/D4dtor-444,,Jugador,
División 3,Azure Dragons,Roxel#3209,Roxel,,,,,Jugador,
División 3,Team Meet Valhalla,why always me#3840,why always me,,Mesitas#WIN,https://www.op.gg/summoners/euw/Mesitas-WIN,,Capitán,
División 3,Team Meet Valhalla,Xopo#5878,Xopo,,Xopo#1313,https://www.op.gg/summoners/euw/Xopo-1313,,Capitán,
División 3,Team Meet Valhalla,PetasuuHh#2083,PetasuuHh,,PetasuuHh#EUW,https://www.op.gg/summoners/euw/PetasuuHh-EUW,,Jugador,
División 3,Team Meet Valhalla,HYO ElDestroyer#7936,HYO ElDestroyer,,HYO ElDestroyer#HYO,https://www.op.gg/summoners/euw/HYO%20ElDestroyer-HYO,,Jugador,
División 3,Team Meet Valhalla,hajime kashimo#5233,hajime kashimo,,hajime kashimo#HIM,https://www.op.gg/summoners/euw/hajime%20kashimo-HIM,,Jugador,
División 3,Team Meet Valhalla,Samura Seiichi#9980,Samura Seiichi,,DavidLaid#FIT,https://www.op.gg/summoners/euw/DavidLaid-FIT,,Jugador,
División 3,Team Meet Valhalla,LR DarkResure#4642,LR DarkResure,,LR DarkResure#6969,https://www.op.gg/summoners/euw/LR%20DarkResure-6969,,Jugador,
División 3,Team Meet Valhalla,Alex Russo#5217,Alex Russo,,Alex Russo#GOAT,https://www.op.gg/summoners/euw/Alex%20Russo-GOAT,,Jugador,
División 3,Team Meet Valhalla,nR Necrox #2273,nR Necrox,,nR Necrox #EUW,https://www.op.gg/summoners/euw/nR%20Necrox%20-EUW,,Jugador,
División 3,Valkiria's Valhalla,JTejada#3443,JTejada,,JTejada#EUW,https://www.op.gg/summoners/euw/JTejada-EUW,,Entrenador,
División 3,Valkiria's Valhalla,MisterPlatano#5574,MisterPlatano,,MisterPlatano#EUW,https://www.op.gg/summoners/euw/MisterPlatano-EUW,,Propietario,
División 3,Valkiria's Valhalla,Isma96#4514,Isma96,,Isma96#YEEEP,https://www.op.gg/summoners/euw/Isma96-YEEEP,,Capitán,
División 3,Valkiria's Valhalla,MamaTRNT18#4933,MamaTRNT18,,MamaTRNT18#EUW,https://www.op.gg/summoners/euw/MamaTRNT18-EUW,,Capitán,
División 3,Valkiria's Valhalla,Pangolin#2947,Pangolin,,Pangolin#NHN,https://www.op.gg/summoners/euw/Pangolin-NHN,,Jugador,
División 3,Valkiria's Valhalla,Octogenario#9601,Octogenario,,Octogenario#ecb11,https://www.op.gg/summoners/euw/Octogenario-ecb11,,Jugador,
División 3,Valkiria's Valhalla,zialde#9875,zialde,,zialde#3837,https://www.op.gg/summoners/euw/zialde-3837,,Jugador,
División 3,Valkiria's Valhalla,why always me#3840,why always me,,Mesitas#WIN,https://www.op.gg/summoners/euw/Mesitas-WIN,,Jugador,
División 3,Valkiria's Valhalla,Mr Lolex#3017,Mr Lolex,,Lolex#Lolex,https://www.op.gg/summoners/euw/Lolex-Lolex,,Jugador,
División 3,Valkiria's Valhalla,Call me Wooz#1848,Call me Wooz,,Pete Castiglione#WOOZ,https://www.op.gg/summoners/euw/Pete%20Castiglione-WOOZ,,Jugador,
División 3,Locked Esports,LCK Valero#5916,Valero,,LCK Valero#597,https://www.op.gg/summoners/euw/LCK%20Valero-597,,Propietario,
División 3,Locked Esports,EVF 의료인#9290,EVF 의료인,,LCK Alina#LCK,https://www.op.gg/summoners/euw/LCK%20Alina-LCK,,Capitán,
División 3,Locked Esports,Streløk#5463,Streløk,,LCK Streløk#MLADY,https://www.op.gg/summoners/euw/LCK%20Strel%C3%B8k-MLADY,,Capitán,
División 3,Locked Esports,Arthur Fleck#4670,Arthur Fleck,,Arthur Fleck#630,https://www.op.gg/summoners/euw/Arthur%20Fleck-630,,Reserva,
División 3,Locked Esports,Insanity#6596,Insanity,,LCK Insanity#Nº1,https://www.op.gg/summoners/euw/LCK%20Insanity-N%C2%BA1,,Jugador,
División 3,Locked Esports,S C A R#1964,S C A R,,LCK  S C A R#SPAIN,https://www.op.gg/summoners/euw/LCK%20%20S%20C%20A%20R-SPAIN,,Jugador,
División 3,Locked Esports,F6theV#2294,F6theV,,LCK F6theV#Briar,https://www.op.gg/summoners/euw/LCK%20F6theV-Briar,,Jugador,
División 3,Locked Esports,LeinadFE#2842,LeinadFE,,LCK LeinadFE#FEH,https://www.op.gg/summoners/euw/LCK%20LeinadFE-FEH,,Jugador,
División 3,Locked Esports,LCK 2y2tem#4394,LCK 2y2tem,,LCK 2y2tem#vlad,https://www.op.gg/summoners/euw/LCK%202y2tem-vlad,,Jugador,
División 3,Locked Esports,SucuXD#3449,SucuXD,,SucuXD#esp,https://www.op.gg/summoners/euw/SucuXD-esp,,Jugador,
División 3,Locked Esports,Zamoree#1118,Zamoree,,Zamoree#YOW,https://www.op.gg/summoners/euw/Zamoree-YOW,,Jugador,
División 3,Locked Esports,Cachi11#9773,Cachi11,,Cachi11#EUW,https://www.op.gg/summoners/euw/Cachi11-EUW,,Jugador,
División 3,Locked Esports,Laýla#7842,Laýla,,Laýla#MLORD,https://www.op.gg/summoners/euw/La%C3%BDla-MLORD,,Jugador,
División 3,Big Yahu Esports,박재혁#5267,박재혁,,EC Siplau#WTF,https://www.op.gg/summoners/euw/EC%20Siplau-WTF,,Capitán,
División 3,Big Yahu Esports,YAHU POTTER#5761,YAHU POTTER,,,,,Capitán,
División 3,Big Yahu Esports,Stinky Jarixo#6726,Stinky Jarixo,,Jarixo#UwU,https://www.op.gg/summoners/euw/Jarixo-UwU,,Jugador,
División 3,Big Yahu Esports,L4S Irusch#1398,L4S Irusch,,L4S Irusch#FNC,https://www.op.gg/summoners/euw/L4S%20Irusch-FNC,,Jugador,
División 3,Big Yahu Esports,nR Necrox #2273,nR Necrox,,nR Necrox #EUW,https://www.op.gg/summoners/euw/nR%20Necrox%20-EUW,,Jugador,
División 3,Big Yahu Esports,Alex Russo#5217,Alex Russo,,Alex Russo#GOAT,https://www.op.gg/summoners/euw/Alex%20Russo-GOAT,,Jugador,
División 3,Big Yahu Esports,Que Gwen culo#8888,Que Gwen culo,,Que Gwen culo#8583,https://www.op.gg/summoners/euw/Que%20Gwen%20culo-8583,,Jugador,
División 3,Big Yahu Esports,Sykii#9595,Sykii,,Sykii#1509,https://www.op.gg/summoners/euw/Sykii-1509,,Jugador,
División 3,Nova Outlaws,Zack#8932,Zack,,Yoru#Denki,https://www.op.gg/summoners/euw/Yoru-Denki,,Capitán,
División 3,Nova Outlaws,Accio  LPS#8547,Accio  LPS,,Accio  LPS#EUW,https://www.op.gg/summoners/euw/Accio%20%20LPS-EUW,,Jugador,
División 3,Nova Outlaws,Pituneta#5629,Pituneta,,Pituneta#EUW,https://www.op.gg/summoners/euw/Pituneta-EUW,,Jugador,
División 3,Nova Outlaws,Pajkaro#4006,Pajkaro,,Pajkaro#8906,https://www.op.gg/summoners/euw/Pajkaro-8906,,Jugador,
División 3,Nova Outlaws,settem#5054,settem,,settem#EUW,https://www.op.gg/summoners/euw/settem-EUW,,Jugador,
División 3,Nova Outlaws,Rafuko#5609,Rafuko,,,,,Jugador,
División 3,DimoniX,KE Diamond#3806,Diamond,,DMNX Diamond#DMNX,https://www.op.gg/summoners/euw/DMNX%20Diamond-DMNX,,Staff,
División 3,DimoniX,DRUXTROX#2137,DRUXTROX,,DRUXTROX#EUW,https://www.op.gg/summoners/euw/DRUXTROX-EUW,,Staff,
División 3,DimoniX,DMN xSantaah#1494,DMN xSantaah,,DMNX xSantaah#holu,https://www.op.gg/summoners/euw/DMNX%20xSantaah-holu,,Propietario,
División 3,DimoniX,KE xGogui#9682,xGogui,,DMNX xGogui#RHC,https://www.op.gg/summoners/euw/DMNX%20xGogui-RHC,,Capitán,
División 3,DimoniX,MΣDIПΛΛ#5930,MΣDIПΛΛ,,MΣDIПΛΛ#1234,https://www.op.gg/summoners/euw/M%CE%A3DI%D0%9F%CE%9B%CE%9B-1234,,Mánager,
División 3,DimoniX,Lucas999#1996,Lucas999,,Lucas999#MBC,https://www.op.gg/summoners/euw/Lucas999-MBC,,Reserva,
División 3,DimoniX,Solet#3792,Solet,,Solet#ESP,https://www.op.gg/summoners/euw/Solet-ESP,,Reserva,
División 3,DimoniX,FG Neon#4170,FG Neon,,DMNX Neon#Keko,https://www.op.gg/summoners/euw/DMNX%20Neon-Keko,,Jugador,
División 3,DimoniX,victor10mar#2241,victor10mar,,victor10mar#EUW,https://www.op.gg/summoners/euw/victor10mar-EUW,,Jugador,
División 3,DimoniX,Farlopinho87#3741,Farlopinho87,,DMNX Farlopez#0487,https://www.op.gg/summoners/euw/DMNX%20Farlopez-0487,,Jugador,
División 3,DimoniX,barrilNuclear#2844,barrilNuclear,,barrilNuclear#EUW,https://www.op.gg/summoners/euw/barrilNuclear-EUW,,Jugador,
División 3,UB Ascensus,eMePe#9261,eMePe,,eMePe#2558,https://www.op.gg/summoners/euw/eMePe-2558,,Capitán,
División 3,UB Ascensus,Skiler99#3758,Skiler99,,Skiler99#420,https://www.op.gg/summoners/euw/Skiler99-420,,Capitán,
División 3,UB Ascensus,ORIZ0N#1148,ORIZ0N,,ORIZ0N#CJL,https://www.op.gg/summoners/euw/ORIZ0N-CJL,,Jugador,
División 3,UB Ascensus,Leavy#1680,Leavy,,Xyszh#001,https://www.op.gg/summoners/euw/Xyszh-001,,Jugador,
División 3,UB Ascensus,Torresinho#7107,Torresinho,,Torresinho#Afre,https://www.op.gg/summoners/euw/Torresinho-Afre,,Jugador,
División 3,UB Ascensus,Daenerys#8725,Daenerys,,Daenerys#AERYS,https://www.op.gg/summoners/euw/Daenerys-AERYS,,Jugador,
División 3,UB Ascensus,BTS Cramitus#2965,Cramitus,,Cramitus#BTS,https://www.op.gg/summoners/euw/Cramitus-BTS,,Jugador,
División 3,UB Ascensus,afransi6#9709,afransi6,,afransi6#666,https://www.op.gg/summoners/euw/afransi6-666,,Jugador,
División 3,UB Ascensus,Sant Cugat#9857,Sant Cugat,,Sant Cugat#Vari,https://www.op.gg/summoners/euw/Sant%20Cugat-Vari,,Jugador,
División 3,UB Ascensus,coachpotato#9303,coachpotato,,coachpotato#EUW,https://www.op.gg/summoners/euw/coachpotato-EUW,,Jugador,
División 3,UB Ascensus,Deltoya#7471,Deltoya,,Deltoya#Vari,https://www.op.gg/summoners/euw/Deltoya-Vari,,Jugador,
División 3,UB Ascensus,Ocana tier D#9149,Ocana tier D,,Ocana tier D#EUW,https://www.op.gg/summoners/euw/Ocana%20tier%20D-EUW,,Jugador,
División 3,ONI eSports,PikachuGames 73#5769,Pika,,ONI Pika 愛#1402,https://www.op.gg/summoners/euw/ONI%20Pika%20%E6%84%9B-1402,,Staff,
División 3,ONI eSports,Adgus#9465,Adgus,,Adgus#aaa,https://www.op.gg/summoners/euw/Adgus-aaa,,Entrenador,
División 3,ONI eSports,ONI Nixhen#9993,ONI Nixhen,,ONI Nixhen#ONI,https://www.op.gg/summoners/euw/ONI%20Nixhen-ONI,,Propietario,
División 3,ONI eSports,Myto100#4392,Myto100,,THN Miguelito100#God,https://www.op.gg/summoners/euw/THN%20Miguelito100-God,,Capitán,
División 3,ONI eSports,raulqlda#8411,raulqlda,,raulqlda#ornn,https://www.op.gg/summoners/euw/raulqlda-ornn,,Jugador,
División 3,ONI eSports,THN fabiote100#1275,THN fabiote100,,THN Fabiote100#troll,https://www.op.gg/summoners/euw/THN%20Fabiote100-troll,,Jugador,
División 3,ONI eSports,ALT Habbo Hotel#8014,ALT Habbo Hotel,,THN Maugrim#CP0,https://www.op.gg/summoners/euw/THN%20Maugrim-CP0,,Jugador,
División 3,ONI eSports,KawayFoXx#7744,KawayFoXx,,KawayFoXx#JHIN,https://www.op.gg/summoners/euw/KawayFoXx-JHIN,,Jugador,
División 3,Koryu Budo - La Finca,SonsOfAston#4168,SonsOfAston,,SonsOfAston#EUW,https://www.op.gg/summoners/euw/SonsOfAston-EUW,,Capitán,
División 3,Koryu Budo - La Finca,zas#7684,zas,,zas#LEONA,https://www.op.gg/summoners/euw/zas-LEONA,,Mánager,
División 3,Koryu Budo - La Finca,Punchø#3930,Punchø,,Punchø#Pain,https://www.op.gg/summoners/euw/Punch%C3%B8-Pain,,Jugador,
División 3,Koryu Budo - La Finca,UEE Useless ADC#2085,UEE Useless ADC,,KB Despo#KAIJU,https://www.op.gg/summoners/euw/KB%20Despo-KAIJU,,Jugador,
División 3,Koryu Budo - La Finca,Reiko#3632,Reiko,,Reiko#HRTCS,https://www.op.gg/summoners/euw/Reiko-HRTCS,,Jugador,
División 3,Koryu Budo - La Finca,coña malą#1764,coña malą,,coña malą#EUW,https://www.op.gg/summoners/euw/co%C3%B1a%20mal%C4%85-EUW,,Jugador,
División 3,Koryu Budo - La Finca,Gótico Madrileño#8479,Gótico Madrileño,,Javivi#Goth,https://www.op.gg/summoners/euw/Javivi-Goth,,Jugador,
División 3,Koryu Budo - La Finca,KB Xenius#9339,KB Xenius,,KB Xenius#KBK,https://www.op.gg/summoners/euw/KB%20Xenius-KBK,,Jugador,
División 3,Koryu Budo - La Finca,Mr Lolex#3017,Mr Lolex,,Lolex#Lolex,https://www.op.gg/summoners/euw/Lolex-Lolex,,Jugador,
División 3,Koryu Budo - La Finca,sustanon#6876,sustanon,,sustanon#EUW,https://www.op.gg/summoners/euw/sustanon-EUW,,Jugador,
División 3,Goaty Esports,SPY Adrimr7#9907,SPY Adrimr7,,GTY Adrimr7#GTY,https://www.op.gg/summoners/euw/GTY%20Adrimr7-GTY,,Staff,
División 3,Goaty Esports,SPY Oierga#3401,SPY Oierga,,GTY Oierga#GTY,https://www.op.gg/summoners/euw/GTY%20Oierga-GTY,,Capitán,
División 3,Goaty Esports,Varo30#9970,Varo30,,GTY Varo30#TUPU,https://www.op.gg/summoners/euw/GTY%20Varo30-TUPU,,Jugador,
División 3,Goaty Esports,GTY Sly Gank#6430,GTY Sly Gank,,GTY Sly Gank#GTY,https://www.op.gg/summoners/euw/GTY%20Sly%20Gank-GTY,,Jugador,
División 3,Goaty Esports,SPY ponzy#1118,SPY ponzy,,GTY ponzy#4444,https://www.op.gg/summoners/euw/GTY%20ponzy-4444,,Jugador,
División 3,Goaty Esports,SPY Dak1#7505,SPY Dak1,,GTY Dak1#boh,https://www.op.gg/summoners/euw/GTY%20Dak1-boh,,Jugador,
División 3,Goaty Esports,WL Gusano#7521,WL Gusano,,GTY Gusano#WORM,https://www.op.gg/summoners/euw/GTY%20Gusano-WORM,,Jugador,
División 3,Goaty Esports,xXBorjaocerinXx#2933,xXBorjaocerinXx,,xXBorjaocerinXx#EUW,https://www.op.gg/summoners/euw/xXBorjaocerinXx-EUW,,Jugador,
División 3,Goaty Esports,antonberasategui#2764,AntonBerasategui,,antonberasategui#GTR,https://www.op.gg/summoners/euw/antonberasategui-GTR,,Jugador,
División 3,Goaty Esports,네스케#2972,네스케,,勝つまで挑戦し続けます#neske,https://www.op.gg/summoners/euw/%E5%8B%9D%E3%81%A4%E3%81%BE%E3%81%A7%E6%8C%91%E6%88%A6%E3%81%97%E7%B6%9A%E3%81%91%E3%81%BE%E3%81%99-neske,,Jugador,
División 3,404 Black,404 Dinithor#3441,404 Dinithor,,404 Dinithor#404,https://www.op.gg/summoners/euw/404%20Dinithor-404,,Staff,
División 3,404 Black,moon red#1797,moon red,,BLACK moonred#ezz,https://www.op.gg/summoners/euw/BLACK%20moonred-ezz,,Capitán,
División 3,404 Black,Trax#8854,Trax,,Trax#LoL,https://www.op.gg/summoners/euw/Trax-LoL,,Reserva,
División 3,404 Black,Heart#1937,Heart,,BLACK pablirou#BLACK,https://www.op.gg/summoners/euw/BLACK%20pablirou-BLACK,,Jugador,
División 3,404 Black,AdySimp#5410,AdySimp,,BLACK Elpernas#BLACK,https://www.op.gg/summoners/euw/BLACK%20Elpernas-BLACK,,Jugador,
División 3,404 Black,NervioZo#5852,NervioZo,,NervioZo#EUW,https://www.op.gg/summoners/euw/NervioZo-EUW,,Jugador,
División 3,404 Black,Nivkoly#6336,Nivkoly,,Nivkoly#11109,https://www.op.gg/summoners/euw/Nivkoly-11109,,Jugador,
División 3,Eclipse,Not Kuro#8846,Not Kuro,,Not Kuro#NGL,https://www.op.gg/summoners/euw/Not%20Kuro-NGL,,Staff,
División 3,Eclipse,FeS Aku#7125,FeS Aku,,FeS Aku#EUW,https://www.op.gg/summoners/euw/FeS%20Aku-EUW,,Staff,
División 3,Eclipse,Samuel Gonzalez#9194,Samuel Gonzalez,,Fox Samu#Hot,https://www.op.gg/summoners/euw/Fox%20Samu-Hot,,Staff,
División 3,Eclipse,Novo#5209,Novo,,Novo#GRM,https://www.op.gg/summoners/euw/Novo-GRM,,Staff,
División 3,Eclipse,Albertoalme KMG#3436,Albertoalme KMG,,ECL Alberto#KMG,https://www.op.gg/summoners/euw/ECL%20Alberto-KMG,,Jugador,
División 3,Eclipse,Sad Mans Parade#4941,Sad Mans Parade,,,,,Jugador,
División 3,Eclipse,FZN AxelBlaze#8659,FZN AxelBlaze,,FOX Blaze#PCS,https://www.op.gg/summoners/euw/FOX%20Blaze-PCS,,Jugador,
División 3,Eclipse,Rework de nariz#4687,Rework de nariz,,Rework de nariz#PNE,https://www.op.gg/summoners/euw/Rework%20de%20nariz-PNE,,Jugador,
División 3,Eclipse,Lyon#6906,Lyon,,Lyon#WEIBO,https://www.op.gg/summoners/euw/Lyon-WEIBO,,Jugador,
División 3,Void Lynx,Chumino Lover#2149,Chumino Lover,,VL Oresito#VDLYX,https://www.op.gg/summoners/euw/VL%20Oresito-VDLYX,,Capitán,
División 3,Void Lynx,Tamudor#3705,Tamudor,,Tamudor#RCDE,https://www.op.gg/summoners/euw/Tamudor-RCDE,,Jugador,
División 3,Void Lynx,Upšs#8536,MTAUpss,,Upšs#ttpd,https://www.op.gg/summoners/euw/Up%C5%A1s-ttpd,,Jugador,
División 3,Void Lynx,arnoop88#8349,arnoop88,,arnoop88#ggez,https://www.op.gg/summoners/euw/arnoop88-ggez,,Jugador,
División 3,Void Lynx,Kaserolo#4105,Kaserolo,,Kaserolo#EUW,https://www.op.gg/summoners/euw/Kaserolo-EUW,,Jugador,
División 3,Void Lynx,Rell#8219,Rell,,,,,Jugador,
División 4,Unknown Family Gaming,Syntax#7995,Syntax,,Syntax#ZnZr,https://www.op.gg/summoners/euw/Syntax-ZnZr,,Capitán,
División 4,Unknown Family Gaming,MehWi#4188,MehWi,,MehWi#EUW,https://www.op.gg/summoners/euw/MehWi-EUW,,Capitán,
División 4,Unknown Family Gaming,LUISOMAKISO#5195,LUISOMAKISO,,LUISOMAKISO#ZnZr,https://www.op.gg/summoners/euw/LUISOMAKISO-ZnZr,,Jugador,
División 4,Unknown Family Gaming,atrakatuni#8598,atrakatuni,,,,,Jugador,
División 4,Unknown Family Gaming,II Jaimegate II#3375,II Jaimegate II,,II Jaimegate II#EUW,https://www.op.gg/summoners/euw/II%20Jaimegate%20II-EUW,,Jugador,
División 4,Unknown Family Gaming,Laclso Jenkins#7124,Laclso Jenkins,,Laclso Jenkins#EUW,https://www.op.gg/summoners/euw/Laclso%20Jenkins-EUW,,Jugador,
División 4,Unknown Family Gaming,Luisini#8841,Luisini,,Luisini#EUW,https://www.op.gg/summoners/euw/Luisini-EUW,,Jugador,
División 4,Unknown Family Gaming,Señor Wagner#5592,Señor Wagner,,Señor Wagner#EUW,https://www.op.gg/summoners/euw/Se%C3%B1or%20Wagner-EUW,,Jugador,
División 4,TAXERS,TAX Galvany#2045,TAX Galvany,,TAX Galvany#TAX,https://www.op.gg/summoners/euw/TAX%20Galvany-TAX,,Capitán,
División 4,TAXERS,eguirado4#6196,eguirado4,,eguirado4#TAX,https://www.op.gg/summoners/euw/eguirado4-TAX,,Jugador,
División 4,TAXERS,Henriixx#5874,Henriixx,,Henriixx#EUW,https://www.op.gg/summoners/euw/Henriixx-EUW,,Jugador,
División 4,TAXERS,DanielRN#9601,DanielRN,,DanielRN#EUW,https://www.op.gg/summoners/euw/DanielRN-EUW,,Jugador,
División 4,TAXERS,AlexGalPar14#8377,AlexGalPar14,,,,,Jugador,
División 4,TAXERS,WIZARD#4954,WIZARD,,,,,Jugador,
División 4,TAXERS,TAX POLENS#9105,TAX POLENS,,CozzyTherian#TAX,https://www.op.gg/summoners/euw/CozzyTherian-TAX,,Jugador,
División 4,TAXERS,Sinael#2170,Sinael,,Sinael#PROD,https://www.op.gg/summoners/euw/Sinael-PROD,,Jugador,
División 4,TAXERS,Conclusión#9813,Conclusión,,Conclusión#EUW,https://www.op.gg/summoners/euw/Conclusi%C3%B3n-EUW,,Jugador,
División 4,TAXERS,Sardinilla#5832,Sardinilla,,Sardinilla#009,https://www.op.gg/summoners/euw/Sardinilla-009,,Jugador,
División 4,eFox,Razus#7492,Razus,,eFOX Razus#3012,https://www.op.gg/summoners/euw/eFOX%20Razus-3012,,Capitán,
División 4,eFox,Ramcesis#4445,Ramcesis,,AZR Ramcesis#LTA,https://www.op.gg/summoners/euw/AZR%20Ramcesis-LTA,,Capitán,
División 4,eFox,Jamesin#3345,Jamesin,,Jamesin#EUW,https://www.op.gg/summoners/euw/Jamesin-EUW,,Jugador,
División 4,eFox,ULK Lvicie#5342,ULK Lvicie,,eFOX Cobalt#3273,https://www.op.gg/summoners/euw/eFOX%20Cobalt-3273,,Jugador,
División 4,eFox,CEN Alakran#3014,CEN Alakran,,AZR Alakran#ESP,https://www.op.gg/summoners/euw/AZR%20Alakran-ESP,,Jugador,
División 4,eFox,JGC44#5173,JGC44,,JGC44#EUW,https://www.op.gg/summoners/euw/JGC44-EUW,,Jugador,
División 4,eFox,TG Dasoma#4296,TG Dasoma,,TG Dasoma#DSM,https://www.op.gg/summoners/euw/TG%20Dasoma-DSM,,Jugador,
División 4,eFox,SNOWL3X#5542,SNOWL3X,,eFOX SNOWL3X#eFOX,https://www.op.gg/summoners/euw/eFOX%20SNOWL3X-eFOX,,Jugador,
División 4,Dragons Of Blossom Hikari,Ady Potter#8328,Ady Potter,,DoB AdyPotter#DoB,https://www.op.gg/summoners/euw/DoB%20AdyPotter-DoB,,Capitán,
División 4,Dragons Of Blossom Hikari,Modric Shaolin#7518,Modric Shaolin,,T33 KataLord#T33,https://www.op.gg/summoners/euw/T33%20KataLord-T33,,Jugador,
División 4,Dragons Of Blossom Hikari,ArepaMaster#1588,ArepaMaster,,ArepaMaster#EUW,https://www.op.gg/summoners/euw/ArepaMaster-EUW,,Jugador,
División 4,Dragons Of Blossom Hikari,JeffryEpstein#7639,JeffryEpstein,,THERIAN SLAYER#VOX,https://www.op.gg/summoners/euw/THERIAN%20SLAYER-VOX,,Jugador,
División 4,Dragons Of Blossom Hikari,Dr Dabrio#6881,Dr Dabrio,,CANDY LOVE#PSOE,https://www.op.gg/summoners/euw/CANDY%20LOVE-PSOE,,Jugador,
División 4,Dragons Of Blossom Hikari,noireh#8255,noireh,,noireh#EUW,https://www.op.gg/summoners/euw/noireh-EUW,,Jugador,
División 4,Dragons Of Blossom Hikari,SrPato#1855,SrPato,,SrPato#SDG,https://www.op.gg/summoners/euw/SrPato-SDG,,Jugador,
División 4,Peek A Boo Esports,Samuuu6#9788,Samuuu6,,Samuuu6#Samuu,https://www.op.gg/summoners/euw/Samuuu6-Samuu,,Staff,
División 4,Peek A Boo Esports,StormBlessed#3529,StormBlessed,,StormBlessed#2210,https://www.op.gg/summoners/euw/StormBlessed-2210,,Staff,
División 4,Peek A Boo Esports,Mella Fanboy#4351,Mella Fanboy,,PAB Orfevre#galiz,https://www.op.gg/summoners/euw/PAB%20Orfevre-galiz,,Staff,
División 4,Peek A Boo Esports,HoldMyBeer67#1367,HoldMyBeer67,,HoldMyBeer67#EUW,https://www.op.gg/summoners/euw/HoldMyBeer67-EUW,,Staff,
División 4,Peek A Boo Esports,Satoru Gojo#8174,Satoru Gojo,,PAB Zotes#15707,https://www.op.gg/summoners/euw/PAB%20Zotes-15707,,Capitán,
División 4,Peek A Boo Esports,Dragonfirewater#6878,Dragonfirewater,,PAB Elysia#AIMDB,https://www.op.gg/summoners/euw/PAB%20Elysia-AIMDB,,Capitán,
División 4,Peek A Boo Esports,Milladoiro#8937,Milladoiro,,PAB Pecto#PAB,https://www.op.gg/summoners/euw/PAB%20Pecto-PAB,,Jugador,
División 4,Peek A Boo Esports,bombardeen renfe#4070,bombardeen renfe,,PAB sanrio girl#WAZZA,https://www.op.gg/summoners/euw/PAB%20sanrio%20girl-WAZZA,,Jugador,
División 4,Peek A Boo Esports,Ayuso Lover#2141,Ayuso Lover,,Ayuso Lover#EUW,https://www.op.gg/summoners/euw/Ayuso%20Lover-EUW,,Jugador,
División 4,Peek A Boo Esports,FUNGER LOBOTOMY#2413,FUNGER LOBOTOMY,,PAB ＬＯＶＥＧＡＭＢＬＩＮＧ#PANZA,https://www.op.gg/summoners/euw/PAB%20%EF%BC%AC%EF%BC%AF%EF%BC%B6%EF%BC%A5%EF%BC%A7%EF%BC%A1%EF%BC%AD%EF%BC%A2%EF%BC%AC%EF%BC%A9%EF%BC%AE%EF%BC%A7-PANZA,,Jugador,
División 4,Peek A Boo Esports,PAB El truco#5708,PAB El truco,,PAB El truco#8053,https://www.op.gg/summoners/euw/PAB%20El%20truco-8053,,Jugador,
División 4,Peek A Boo Esports,PAB Wiwitxu#6957,PAB Wiwitxu,,PAB Wiwitxu#KEKW,https://www.op.gg/summoners/euw/PAB%20Wiwitxu-KEKW,,Jugador,
División 4,Peek A Boo Esports,PAB Destroyer#9974,PAB Destroyer,,PAB Destroyer#5384,https://www.op.gg/summoners/euw/PAB%20Destroyer-5384,,Jugador,
División 4,Dragons Of Blossom Illume,Ady Potter#8328,Ady Potter,,DoB AdyPotter#DoB,https://www.op.gg/summoners/euw/DoB%20AdyPotter-DoB,,Capitán,
División 4,Dragons Of Blossom Illume,Wulen#8844,Wulen,,DoB Wulen#COACH,https://www.op.gg/summoners/euw/DoB%20Wulen-COACH,,Capitán,
División 4,Dragons Of Blossom Illume,HGG Bloody#2654,HGG Bloody,,DoB Bloody#3005,https://www.op.gg/summoners/euw/DoB%20Bloody-3005,,Jugador,
División 4,Dragons Of Blossom Illume,PARЯA#1684,PARЯA,,DoB PARЯA#DoB,https://www.op.gg/summoners/euw/DoB%20PAR%D0%AFA-DoB,,Jugador,
División 4,Dragons Of Blossom Illume,DoB Farmer#5930,DoB Farmer,,DoB Zenith#345,https://www.op.gg/summoners/euw/DoB%20Zenith-345,,Jugador,
División 4,Dragons Of Blossom Illume,Sauce Boy#9427,Sauce Boy,,,,,Jugador,
División 4,Dragons Of Blossom Illume,DoB CabraDelARAM#6772,DoB CabraDelARAM,,,,,Jugador,
División 4,Dragons Of Blossom Illume,CG Joningo#5115,CG Joningo,,,,,Jugador,
División 4,VentuCorp Gods,elVentuXD#6981,elVentuXD,,elVentuXD#EUW,https://www.op.gg/summoners/euw/elVentuXD-EUW,,Staff,
División 4,VentuCorp Gods,Coach ZelainD#8880,CoachZelainD,,Coach ZelainD#TNI,https://www.op.gg/summoners/euw/Coach%20ZelainD-TNI,,Entrenador,
División 4,VentuCorp Gods,LTS GaBrii#1934,GaBrii,,VCE GaBrii#GBR,https://www.op.gg/summoners/euw/VCE%20GaBrii-GBR,,Mánager,
División 4,VentuCorp Gods,Amador Rivas#1434,Zelos,,Zelos#KR01,https://www.op.gg/summoners/euw/Zelos-KR01,,Jugador,
División 4,VentuCorp Gods,Darkpepe94#5524,Darkpepe94,,VCE Darkpepe94#JGL,https://www.op.gg/summoners/euw/VCE%20Darkpepe94-JGL,,Jugador,
División 4,VentuCorp Gods,Padeko#4851,Padeko,,VCE Padeko#ESP,https://www.op.gg/summoners/euw/VCE%20Padeko-ESP,,Jugador,
División 4,VentuCorp Gods,Mahiru Shiina#6598,Ninym,,Yuka Okkotsu#NINYM,https://www.op.gg/summoners/euw/Yuka%20Okkotsu-NINYM,,Jugador,
División 4,VentuCorp Gods,lil pepi#4035,lil pepi,,DDR4 2x16GB 3600#pepi,https://www.op.gg/summoners/euw/DDR4%202x16GB%203600-pepi,,Jugador,
División 4,VentuCorp Gods,ChristianWarZ#3194,ChristianWarZ,,ChristianWarZ#EUW,https://www.op.gg/summoners/euw/ChristianWarZ-EUW,,Jugador,
División 4,VentuCorp Gods,Pasta Boloñesa#5026,Pasta Boloñesa,,GambasAlGritillo#AJITO,https://www.op.gg/summoners/euw/GambasAlGritillo-AJITO,,Jugador,
División 4,VentuCorp Gods,Gaattsuu#5937,Gaattsuu,,Hikigaayaa#YUKNO,https://www.op.gg/summoners/euw/Hikigaayaa-YUKNO,,Jugador,
División 4,VentuCorp Gods,AitorZero0#7178,AZ0,,NAVI Unai Simón#LDLF,https://www.op.gg/summoners/euw/NAVI%20Unai%20Sim%C3%B3n-LDLF,,Jugador,
División 4,Koryu Budo Arashi,OG Cris#4868,OG Cris,,TPG BUZZ#TPG,https://www.op.gg/summoners/euw/TPG%20BUZZ-TPG,,Capitán,
División 4,Koryu Budo Arashi,AnPuuR#2664,AnPuuR,,AnPuuR#1710,https://www.op.gg/summoners/euw/AnPuuR-1710,,Jugador,
División 4,Koryu Budo Arashi,Watusi Sensei#6629,TpgXalva,,Knight Artorias#TPG,https://www.op.gg/summoners/euw/Knight%20Artorias-TPG,,Jugador,
División 4,Koryu Budo Arashi,TPG EUSEBINHO#8782,EUSEBINHO,,Takeo#1997,https://www.op.gg/summoners/euw/Takeo-1997,,Jugador,
División 4,Koryu Budo Arashi,Fumatusi#7394,Fumatusi,,Cuco#ESPÑA,https://www.op.gg/summoners/euw/Cuco-ESP%C3%91A,,Jugador,
División 4,Koryu Budo Arashi,Castañitas#5589,Castañitas,,FOX Castañitas#SPAIN,https://www.op.gg/summoners/euw/FOX%20Casta%C3%B1itas-SPAIN,,Jugador,
División 4,NEO GLORY,Agente Thompson#8967,Agente Thompson,,Agente Thompson#Stars,https://www.op.gg/summoners/euw/Agente%20Thompson-Stars,,Entrenador,
División 4,NEO GLORY,ATR Toji#3206,ATR Toji,,ant#QUART,https://www.op.gg/summoners/euw/ant-QUART,,Capitán,
División 4,NEO GLORY,Rojaa#4894,Rojaa,,NGLY Rojaa#ADC,https://www.op.gg/summoners/euw/NGLY%20Rojaa-ADC,,Capitán,
División 4,NEO GLORY,Rotxia#9252,Rotxia,,Rotxia#EUW,https://www.op.gg/summoners/euw/Rotxia-EUW,,Jugador,
División 4,NEO GLORY,xXSanscraftXx#2629,xXSanscraftXx,,NGLY Nifi#CAR,https://www.op.gg/summoners/euw/NGLY%20Nifi-CAR,,Jugador,
División 4,NEO GLORY,Hiro#8235,Hiro,,Richard Grayson#DLT,https://www.op.gg/summoners/euw/Richard%20Grayson-DLT,,Jugador,
División 4,NEO GLORY,Gοrο Akechi#6832,Gοrο Akechi,,Low Cortisol Bee#BZZ,https://www.op.gg/summoners/euw/Low%20Cortisol%20Bee-BZZ,,Jugador,
División 4,NEO GLORY,MLGDavidStylesX#2462,MLGDavidStylesX,,MLGDavidStylesX#9219,https://www.op.gg/summoners/euw/MLGDavidStylesX-9219,,Jugador,
División 4,NEO GLORY,YesImDeLulu#1165,YesImDeLulu,,YesImDeLulu#9442,https://www.op.gg/summoners/euw/YesImDeLulu-9442,,Jugador,
División 4,NEO GLORY,AUR Sandra#1323,AUR Sandra,,KPT Tudela#Viejo,https://www.op.gg/summoners/euw/KPT%20Tudela-Viejo,,Jugador,
División 4,HellFire Ascended,ILC Ismachuelo#9467,ILC Ismachuelo,,HLF IsmaGV#ADC,https://www.op.gg/summoners/euw/HLF%20IsmaGV-ADC,,Entrenador,
División 4,HellFire Ascended,imlaaau#5283,imlaaau,,imlaaau#DEMON,https://www.op.gg/summoners/euw/imlaaau-DEMON,,Propietario,
División 4,HellFire Ascended,ONI Nixhen#9993,ONI Nixhen,,ONI Nixhen#ONI,https://www.op.gg/summoners/euw/ONI%20Nixhen-ONI,,Capitán,
División 4,HellFire Ascended,Khada Jinx#5192,Khada Jinx,,HLF Khada Jinx#8527,https://www.op.gg/summoners/euw/HLF%20Khada%20Jinx-8527,,Reserva,
División 4,HellFire Ascended,VIBlueJιnχIV#1912,VIBlueJιnχIV,,VIBlueJιnχIV#Z4UN,https://www.op.gg/summoners/euw/VIBlueJ%CE%B9n%CF%87IV-Z4UN,,Reserva,
División 4,HellFire Ascended,HLF Luchito RK#3743,HLF Luchito RK,,HLF Luchito RK#LPGC,https://www.op.gg/summoners/euw/HLF%20Luchito%20RK-LPGC,,Jugador,
División 4,HellFire Ascended,Kylex#8197,Kylex,,Kylex#1945,https://www.op.gg/summoners/euw/Kylex-1945,,Jugador,
División 4,HellFire Ascended,RaioMokuin#5968,RaioMokuin,,,,,Jugador,
División 4,HellFire Ascended,Gertrudis coñín#2756,Gertrudis coñín,,Gertrudis coñín#PEPIN,https://www.op.gg/summoners/euw/Gertrudis%20co%C3%B1%C3%ADn-PEPIN,,Jugador,
División 4,ZRYN esports,MUSCLΣ ＭØＭＭY#9013,MUSCLΣ ＭØＭＭY,,,,,Staff,
División 4,ZRYN esports,El Snorlax#9106,El Snorlax,,El Snorlax#Dicio,https://www.op.gg/summoners/euw/El%20Snorlax-Dicio,,Entrenador,
División 4,ZRYN esports,Xoee#4641,Xoee,,,,,Propietario,
División 4,ZRYN esports,Cerberus07#1674,Cerberus07,,Cerberus07#EUW,https://www.op.gg/summoners/euw/Cerberus07-EUW,,Reserva,
División 4,ZRYN esports,HGG Felkov#8745,HGG Felkov,,HGG Felkov#FEL,https://www.op.gg/summoners/euw/HGG%20Felkov-FEL,,Reserva,
División 4,ZRYN esports,Nyvan#1616,Nyvan,,Nyvan#EUW,https://www.op.gg/summoners/euw/Nyvan-EUW,,Jugador,
División 4,ZRYN esports,Roz#9237,Roz,,Roz#0101,https://www.op.gg/summoners/euw/Roz-0101,,Jugador,
División 4,ZRYN esports,Xizuko#1676,Xizuko,,Xizuko#3126,https://www.op.gg/summoners/euw/Xizuko-3126,,Jugador,
División 4,ZRYN esports,Vlanc Skydia#1350,Vlanc Skydia,,Vlanc Skydia#8888,https://www.op.gg/summoners/euw/Vlanc%20Skydia-8888,,Jugador,
División 4,ZRYN esports,FOX Fjörn#3821,FOX Fjörn,,FOX Fjörn#FOX,https://www.op.gg/summoners/euw/FOX%20Fj%C3%B6rn-FOX,,Jugador,
División 4,404 Legion,404 Dinithor#3441,404 Dinithor,,404 Dinithor#404,https://www.op.gg/summoners/euw/404%20Dinithor-404,,Propietario,
División 4,404 Legion,404 Pedrinho01#6158,404 Pedrinho01,,404 Pedrinho01#GOD,https://www.op.gg/summoners/euw/404%20Pedrinho01-GOD,,Capitán,
División 4,404 Legion,Nanachi#2724,Nanachi,,Nanachi#0458,https://www.op.gg/summoners/euw/Nanachi-0458,,Capitán,
División 4,404 Legion,Rowdwer#8797,Rowdwer,,Rowdwer#EUW,https://www.op.gg/summoners/euw/Rowdwer-EUW,,Jugador,
División 4,404 Legion,MrPanaYago#9028,MrPanaYago,,MrPanaYago#1010,https://www.op.gg/summoners/euw/MrPanaYago-1010,,Jugador,
División 4,404 Legion,PooleSTL#3519,PooleSTL,,PooleSTL#EUW,https://www.op.gg/summoners/euw/PooleSTL-EUW,,Jugador,
División 4,404 Legion,Weakside#5334,Weakside,,Weakside#SAD,https://www.op.gg/summoners/euw/Weakside-SAD,,Jugador,
División 4,404 Legion,John Natillas#9672,John Natillas,,John Natillas#EUW,https://www.op.gg/summoners/euw/John%20Natillas-EUW,,Jugador,
División 4,404 Legion,KOI galiindo#9268,KOI galiindo,,KOI galiindo#ESP,https://www.op.gg/summoners/euw/KOI%20galiindo-ESP,,Jugador,
División 4,404 Legion,Shoeshining 100#2969,Shoeshining 100,,Prone to foolery#Tom,https://www.op.gg/summoners/euw/Prone%20to%20foolery-Tom,,Jugador,
División 4,404 Nexus,404 Dinithor#3441,404 Dinithor,,404 Dinithor#404,https://www.op.gg/summoners/euw/404%20Dinithor-404,,Capitán,
División 4,404 Nexus,FALIYO#9853,FALIYO,,Faliyo#PAY0,https://www.op.gg/summoners/euw/Faliyo-PAY0,,Capitán,
División 4,404 Nexus,mini HLE VIPER#7939,mini HLE VIPER,,Tamamo cross#VOX,https://www.op.gg/summoners/euw/Tamamo%20cross-VOX,,Jugador,
División 4,404 Nexus,RozaKled#3137,RozaKled,,RozaKled#EUW,https://www.op.gg/summoners/euw/RozaKled-EUW,,Jugador,
División 4,404 Nexus,ErMaRtiNeZ#5763,ErMaRtiNeZ,,ErMaRtiNeZ#5397,https://www.op.gg/summoners/euw/ErMaRtiNeZ-5397,,Jugador,
División 4,404 Nexus,mariocaro13#4655,mariocaro13,,mariocaro13#EUW,https://www.op.gg/summoners/euw/mariocaro13-EUW,,Jugador,
División 4,404 Nexus,Bombeta Piruleta#1874,Bombeta Piruleta,,xSamuPingu#Pingu,https://www.op.gg/summoners/euw/xSamuPingu-Pingu,,Jugador,
División 4,404 Legacy,404 Dinithor#3441,404 Dinithor,,404 Dinithor#404,https://www.op.gg/summoners/euw/404%20Dinithor-404,,Capitán,
División 4,404 Legacy,404 SRCabe#7191,404 SRCabe,,404 SRCabe#lol,https://www.op.gg/summoners/euw/404%20SRCabe-lol,,Capitán,
División 4,404 Legacy,ChesscakeEnjojer#1608,ChesscakeEnjojer,,ChesscakeEnjojer#CJJ,https://www.op.gg/summoners/euw/ChesscakeEnjojer-CJJ,,Jugador,
División 4,404 Legacy,SOS Swar#5898,SOS Swar,,SOS Swar#EUW,https://www.op.gg/summoners/euw/SOS%20Swar-EUW,,Jugador,
División 4,404 Legacy,SOS Master#4237,SOS Master,,QMM MASTER#GGWP,https://www.op.gg/summoners/euw/QMM%20MASTER-GGWP,,Jugador,
División 4,404 Legacy,404 Eggtor#4922,404 Eggtor,,404 Eggtor#404,https://www.op.gg/summoners/euw/404%20Eggtor-404,,Jugador,
División 4,404 Legacy,Krâzel#9791,Krâzel,,Krazel#Kra,https://www.op.gg/summoners/euw/Krazel-Kra,,Jugador,
División 4,404 Legacy,ElyBot#1677,ElyBot,,,,,Jugador,
División 4,404 Legacy,QMM 마법사#6092,QMM 마법사,,,,,Jugador,
División 4,404 Academy,404 Dinithor#3441,404 Dinithor,,404 Dinithor#404,https://www.op.gg/summoners/euw/404%20Dinithor-404,,Propietario,
División 4,404 Academy,noo#9266,LaRecompensaDIFF,,K Kvaratskhelia#goat,https://www.op.gg/summoners/euw/K%20Kvaratskhelia-goat,,Capitán,
División 4,404 Academy,carmonell mbembe#6661,carmonell mbembe,,carmonell mbembe#boga,https://www.op.gg/summoners/euw/carmonell%20mbembe-boga,,Jugador,
División 4,404 Academy,elviti26#5359,404ElViti,,404 ElViti#LOL,https://www.op.gg/summoners/euw/404%20ElViti-LOL,,Jugador,
División 4,404 Academy,AkshanPlayer01#6106,AkshanPlayer01,,AkshanPlayer01#TWT,https://www.op.gg/summoners/euw/AkshanPlayer01-TWT,,Jugador,
División 4,404 Academy,mini HLE VIPER#7939,mini HLE VIPER,,Tamamo cross#VOX,https://www.op.gg/summoners/euw/Tamamo%20cross-VOX,,Jugador,
División 4,404 Academy,ErMaRtiNeZ#5763,ErMaRtiNeZ,,ErMaRtiNeZ#5397,https://www.op.gg/summoners/euw/ErMaRtiNeZ-5397,,Jugador,
División 4,404 Academy,BRB rubenaso#2515,BRB rubenaso,,404 rubenaso#ERROR,https://www.op.gg/summoners/euw/404%20rubenaso-ERROR,,Jugador,
División 4,Zenturions,S3us#8528,S3us,,S3us#Seus,https://www.op.gg/summoners/euw/S3us-Seus,,Entrenador,
División 4,Zenturions,RochoPlayZ#4913,RochoPlayZ,,ZTN ROCHO#PINGA,https://www.op.gg/summoners/euw/ZTN%20ROCHO-PINGA,,Capitán,
División 4,Zenturions,Elringuito08#8626,Elringuito08,,Elringuito08#5303,https://www.op.gg/summoners/euw/Elringuito08-5303,,Mánager,
División 4,Zenturions,Zntr0#1441,ZID,,Z I D#CAST,https://www.op.gg/summoners/euw/Z%20I%20D-CAST,,Jugador,
División 4,Zenturions,RCD Davo#1234,RCD Davo,,RCD Davo#JUGÓN,https://www.op.gg/summoners/euw/RCD%20Davo-JUG%C3%93N,,Jugador,
División 4,Zenturions,Chosen One#3833,Chosen One,,bat#bsk,https://www.op.gg/summoners/euw/bat-bsk,,Jugador,
División 4,Zenturions,Ðukε#8115,Ðukε,,Ðukε#EUW,https://www.op.gg/summoners/euw/%C3%90uk%CE%B5-EUW,,Jugador,
División 4,Zenturions,NAINGGOLAN#5917,NAINGGOLAN,,NAINGGOLAN#ÉTA,https://www.op.gg/summoners/euw/NAINGGOLAN-%C3%89TA,,Jugador,
División 4,Zenturions,zPablo#4802,zPablo,,Hugh Jackman#2017,https://www.op.gg/summoners/euw/Hugh%20Jackman-2017,,Jugador,
División 4,Zenturions,Diffidati Liberi#4743,Diffidati Liberi,,Diffidati Liberi#1906,https://www.op.gg/summoners/euw/Diffidati%20Liberi-1906,,Jugador,
División 4,Zenturions,1941 God Prime#2963,1941 God Prime,,Danzig or War#GAS,https://www.op.gg/summoners/euw/Danzig%20or%20War-GAS,,Jugador,
División 4,Zenturions,Solet#3792,Solet,,Solet#ESP,https://www.op.gg/summoners/euw/Solet-ESP,,Jugador,
División 4,Zenturions,Next Spanish adc#3850,TTVEGOFPSS,,KATSEYE#Hyro,https://www.op.gg/summoners/euw/KATSEYE-Hyro,,Jugador,
División 4,Black Bird Abyss,LFT Darking#6455,LFT Darking,,Đ4rking#Lore,https://www.op.gg/summoners/euw/%C4%904rking-Lore,,Capitán,
División 4,Black Bird Abyss,Akila#3081,Akila,,BBA Little Fox#Leaf,https://www.op.gg/summoners/euw/BBA%20Little%20Fox-Leaf,,Jugador,
División 4,Black Bird Abyss,Heroe1303#5437,Heroe1303,,Heroe1303#EUW,https://www.op.gg/summoners/euw/Heroe1303-EUW,,Jugador,
División 4,Black Bird Abyss,AT RuyMiau#2523,AT RuyMiau,,INF RuyMiau#MIAU,https://www.op.gg/summoners/euw/INF%20RuyMiau-MIAU,,Jugador,
División 4,Black Bird Abyss,WL Pauet#9997,WL Pauet,,Manhattan#ESP,https://www.op.gg/summoners/euw/Manhattan-ESP,,Jugador,
División 4,Black Bird Abyss,monoenlacabeza84#8744,monoenlacabeza84,,,,,Jugador,
División 4,Malas Lenguas,r0ckeet#3394,r0ckeet,,r0ckeet#9025,https://www.op.gg/summoners/euw/r0ckeet-9025,,Propietario,
División 4,Malas Lenguas,Yamber8#8453,Yamber8,,Yamber8#EUW,https://www.op.gg/summoners/euw/Yamber8-EUW,,Jugador,
División 4,Malas Lenguas,Mashallah#5752,Mashallah,,biberonn#360,https://www.op.gg/summoners/euw/biberonn-360,,Jugador,
División 4,Malas Lenguas,Mauls#8112,Mauls,,Mauls#EUW,https://www.op.gg/summoners/euw/Mauls-EUW,,Jugador,
División 4,Malas Lenguas,ER SHUMA#9512,ER SHUMA,,ER SHUMA#EUW,https://www.op.gg/summoners/euw/ER%20SHUMA-EUW,,Jugador,
División 4,Malas Lenguas,Desariam#8921,Desariam,,desariam#dog,https://www.op.gg/summoners/euw/desariam-dog,,Jugador,
División 4,Malas Lenguas,ADOLFO#1682,ADOLFO,,,,,Jugador,
División 4,ROSES IN SPRING Blue,MishaSkiete#8185,Misha,,RIS Misha#0709,https://www.op.gg/summoners/euw/RIS%20Misha-0709,,Propietario,
División 4,ROSES IN SPRING Blue,Nacht#1084,Nacht,,RWD Nacht#0709,https://www.op.gg/summoners/euw/RWD%20Nacht-0709,,Capitán,
División 4,ROSES IN SPRING Blue,FNC Ragna#5278,FNC Ragna,,RIS Ragna#ASK,https://www.op.gg/summoners/euw/RIS%20Ragna-ASK,,Mánager,
División 4,ROSES IN SPRING Blue,MPS Mirapeix#6736,MPS Mirapeix,,RWD Mirapeix#MRPX,https://www.op.gg/summoners/euw/RWD%20Mirapeix-MRPX,,Reserva,
División 4,ROSES IN SPRING Blue,Tragedy#6549,Tragedy,,Tragedy#TRGDY,https://www.op.gg/summoners/euw/Tragedy-TRGDY,,Reserva,
División 4,ROSES IN SPRING Blue,Heyslime#3408,Heyslime,,Heyslime#5459,https://www.op.gg/summoners/euw/Heyslime-5459,,Jugador,
División 4,ROSES IN SPRING Blue,PFX Zibys#6871,PFX Zibys,,PFX Zibys#EUW,https://www.op.gg/summoners/euw/PFX%20Zibys-EUW,,Jugador,
División 4,ROSES IN SPRING Blue,ErBicho#1113,ErBicho,,ErBicho#SIUUU,https://www.op.gg/summoners/euw/ErBicho-SIUUU,,Jugador,
División 4,ROSES IN SPRING Blue,Garzzyy#2490,Garzzyy,,MaNIaTiCKk#MANI,https://www.op.gg/summoners/euw/MaNIaTiCKk-MANI,,Jugador,
División 4,Uniovi eSports,FVCK JJ#4981,FVCK JJ,,FVCK JJ#KING,https://www.op.gg/summoners/euw/FVCK%20JJ-KING,,Entrenador,
División 4,Uniovi eSports,Jeda#2319,Jeda,,Jeda#973,https://www.op.gg/summoners/euw/Jeda-973,,Propietario,
División 4,Uniovi eSports,PickMeDeManual#9231,PickMeDeManual,,Mighty Clown#JGDIF,https://www.op.gg/summoners/euw/Mighty%20Clown-JGDIF,,Capitán,
División 4,Uniovi eSports,ElDZombi#2878,ElDZombi,,ElDZombi#ElDZo,https://www.op.gg/summoners/euw/ElDZombi-ElDZo,,Reserva,
División 4,Uniovi eSports,jujaenjoger#5742,jujaenjoger,,jujaenjoger#EUW,https://www.op.gg/summoners/euw/jujaenjoger-EUW,,Reserva,
División 4,Uniovi eSports,guiv3#7957,guiv3,,guiv3#666,https://www.op.gg/summoners/euw/guiv3-666,,Reserva,
División 4,Uniovi eSports,ANDYELFONCHO#8912,ANDYELFONCHO,,Qin Shi Huang#KKTUA,https://www.op.gg/summoners/euw/Qin%20Shi%20Huang-KKTUA,,Jugador,
División 4,Uniovi eSports,Clubserg69#2627,Clubserg69,,Clubserg69#EUW,https://www.op.gg/summoners/euw/Clubserg69-EUW,,Jugador,
División 4,Uniovi eSports,JokerMagnific#1213,JokerMagnific,,JokerMagnific#SUP,https://www.op.gg/summoners/euw/JokerMagnific-SUP,,Jugador,
División 4,Uniovi eSports,Miwifimoro123#7343,Miwifimoro123,,Miwifimoro123#EUW,https://www.op.gg/summoners/euw/Miwifimoro123-EUW,,Jugador,
División 4,NX5 eSports White,Kille01#6321,Kille01,,CG Kille#PAPA,https://www.op.gg/summoners/euw/CG%20Kille-PAPA,,Entrenador,
División 4,NX5 eSports White,gabi#1881,gabi,,Lucas#113,https://www.op.gg/summoners/euw/Lucas-113,,Propietario,
División 4,NX5 eSports White,Satu#3716,Satu,,RandomSupport#uwu,https://www.op.gg/summoners/euw/RandomSupport-uwu,,Capitán,
División 4,NX5 eSports White,KOI P3z1#3233,KOI P3z1,,アフロディ#VLC,https://www.op.gg/summoners/euw/%E3%82%A2%E3%83%95%E3%83%AD%E3%83%87%E3%82%A3-VLC,,Mánager,
División 4,NX5 eSports White,Exxï#1097,Exxï,,Exxï#L9ÑÑ,https://www.op.gg/summoners/euw/Exx%C3%AF-L9%C3%91%C3%91,,Jugador,
División 4,NX5 eSports White,zaos#9815,zaos,,zaos#111,https://www.op.gg/summoners/euw/zaos-111,,Jugador,
División 4,NX5 eSports White,PANZZER#2583,PANZZER,,PANZZER#CALOR,https://www.op.gg/summoners/euw/PANZZER-CALOR,,Jugador,
División 4,NX5 eSports White,PauPauet#8864,PauPauet,,PauPauet#kebab,https://www.op.gg/summoners/euw/PauPauet-kebab,,Jugador,
División 4,NX5 eSports Black,KOI Rubio#9723,KOI Rubio,,KOI Rubio#EUW,https://www.op.gg/summoners/euw/KOI%20Rubio-EUW,,Entrenador,
División 4,NX5 eSports Black,gabi#1881,gabi,,Lucas#113,https://www.op.gg/summoners/euw/Lucas-113,,Propietario,
División 4,NX5 eSports Black,KingKai#5169,KingKai,,KingKai#EzTop,https://www.op.gg/summoners/euw/KingKai-EzTop,,Capitán,
División 4,NX5 eSports Black,KOI P3z1#3233,KOI P3z1,,アフロディ#VLC,https://www.op.gg/summoners/euw/%E3%82%A2%E3%83%95%E3%83%AD%E3%83%87%E3%82%A3-VLC,,Mánager,
División 4,NX5 eSports Black,nselfishAzeli#6582,nselfishAzeli,,nselfishAzeli#EUW,https://www.op.gg/summoners/euw/nselfishAzeli-EUW,,Jugador,
División 4,NX5 eSports Black,T1 Desing#1037,T1 Desing,,,,,Jugador,
División 4,NX5 eSports Black,IDK SRRA#1399,IDK SRRA,,NX5 SRRA#uwu,https://www.op.gg/summoners/euw/NX5%20SRRA-uwu,,Jugador,
División 4,NX5 eSports Black,MONOraíl#3418,MONOraíl,,,,,Jugador,
División 4,PANTUMAKA GANG,ｐｍｑ#1732,ｐｍｑ,,ｐｍｑ#6XX,https://www.op.gg/summoners/euw/%EF%BD%90%EF%BD%8D%EF%BD%91-6XX,,Capitán,
División 4,PANTUMAKA GANG,S T E P M E N#3193,S T E P M E N,,S T E P M E N#TGN,https://www.op.gg/summoners/euw/S%20T%20E%20P%20M%20E%20N-TGN,,Jugador,
División 4,PANTUMAKA GANG,Rivalless#5693,Rivalless,,Rivalless#EUW,https://www.op.gg/summoners/euw/Rivalless-EUW,,Jugador,
División 4,PANTUMAKA GANG,arcadi3#7955,arcadi3,,arcadi3#tgn,https://www.op.gg/summoners/euw/arcadi3-tgn,,Jugador,
División 4,PANTUMAKA GANG,Cacho#6148,Cacho,,Cacho#BOT,https://www.op.gg/summoners/euw/Cacho-BOT,,Jugador,
División 4,PANTUMAKA GANG,G2 Cabs Sama#6008,G2 Cabs Sama,,G2 Cabs Sama#007,https://www.op.gg/summoners/euw/G2%20Cabs%20Sama-007,,Jugador,
División 4,PANTUMAKA GANG,esportslink1#2578,esportslink1,,esportslink1#EUW,https://www.op.gg/summoners/euw/esportslink1-EUW,,Jugador,
División 4,PANTUMAKA GANG,Snock#1140,Snock,,Snock#tgn,https://www.op.gg/summoners/euw/Snock-tgn,,Jugador,
División 4,PANTUMAKA GANG,cybertroyano#6926,cybertroyano,,,,,Jugador,
División 4,DimoniX ACADEMY,MΣDIПΛΛ#5930,MΣDIПΛΛ,,MΣDIПΛΛ#1234,https://www.op.gg/summoners/euw/M%CE%A3DI%D0%9F%CE%9B%CE%9B-1234,,Staff,
División 4,DimoniX ACADEMY,DRUXTROX#2137,DRUXTROX,,DRUXTROX#EUW,https://www.op.gg/summoners/euw/DRUXTROX-EUW,,Entrenador,
División 4,DimoniX ACADEMY,KE Diamond#3806,Diamond,,DMNX Diamond#DMNX,https://www.op.gg/summoners/euw/DMNX%20Diamond-DMNX,,Capitán,
División 4,DimoniX ACADEMY,ULK Crimson#6621,ULK Crimson,,DMNX Doctor D#doc,https://www.op.gg/summoners/euw/DMNX%20Doctor%20D-doc,,Reserva,
División 4,DimoniX ACADEMY,FG Copax#2527,FG Copax,,Copax#Copax,https://www.op.gg/summoners/euw/Copax-Copax,,Reserva,
División 4,DimoniX ACADEMY,xXDATERXx#9606,xXDATERXx,,DMNX xXDATERXx#EVE,https://www.op.gg/summoners/euw/DMNX%20xXDATERXx-EVE,,Jugador,
División 4,DimoniX ACADEMY,Arashi#6691,Arashi,,Arashi#BSO,https://www.op.gg/summoners/euw/Arashi-BSO,,Jugador,
División 4,DimoniX ACADEMY,S1 TiXØ#3413,S1 TiXØ,,DMNX TiXØ#NJR,https://www.op.gg/summoners/euw/DMNX%20TiX%C3%98-NJR,,Jugador,
División 4,DimoniX ACADEMY,Atreides#4263,Atreides,,Atreides#0609,https://www.op.gg/summoners/euw/Atreides-0609,,Jugador,
División 4,Los que te cuento,LTC AmazingJL#6772,LTC AmazingJL,,LTC AmazingJL#9715,https://www.op.gg/summoners/euw/LTC%20AmazingJL-9715,,Capitán,
División 4,Los que te cuento,bum przypinka#1512,bum przypinka,,bum przypinka#EUW,https://www.op.gg/summoners/euw/bum%20przypinka-EUW,,Jugador,
División 4,Los que te cuento,Wigisaur#8050,Wigisaur,,Wigisaur#EUW,https://www.op.gg/summoners/euw/Wigisaur-EUW,,Jugador,
División 4,Los que te cuento,Shekron#4689,Shekron,,Shekron#OnTop,https://www.op.gg/summoners/euw/Shekron-OnTop,,Jugador,
División 4,Los que te cuento,TESTOabuser1G#8234,TESTOabuser1G,,TESTOabuser1G#PRO,https://www.op.gg/summoners/euw/TESTOabuser1G-PRO,,Jugador,
División 4,Los que te cuento,VLS Gatharof#1494,VLS Gatharof,,VLS Gatharof#VLS,https://www.op.gg/summoners/euw/VLS%20Gatharof-VLS,,Jugador,
División 4,CSN Corvo,MCDONALDS OWNER#6877,KIRAHH,,SOMALIAN SCAMMER#COACH,https://www.op.gg/summoners/euw/SOMALIAN%20SCAMMER-COACH,,Entrenador,
División 4,CSN Corvo,Sebas#1707,Sebas,,John Marston#CSN,https://www.op.gg/summoners/euw/John%20Marston-CSN,,Propietario,
División 4,CSN Corvo,Riolu#5007,Riolu,,Riolu#ROGO,https://www.op.gg/summoners/euw/Riolu-ROGO,,Propietario,
División 4,CSN Corvo,caring-rollcall#4076,caring-rollcall,,,,,Propietario,
División 4,CSN Corvo,かわうそ#5934,かわうそ,,カワウソー#OTTER,https://www.op.gg/summoners/euw/%E3%82%AB%E3%83%AF%E3%82%A6%E3%82%BD%E3%83%BC-OTTER,,Capitán,
División 4,CSN Corvo,Darcor#6539,Darcor,,Darcor#BOFF,https://www.op.gg/summoners/euw/Darcor-BOFF,,Reserva,
División 4,CSN Corvo,blako#3523,blako,,blako#2411,https://www.op.gg/summoners/euw/blako-2411,,Jugador,
División 4,CSN Corvo,ARS Gyökeres#8573,ARS Gyökeres,,ARS Gyökeres#ARS,https://www.op.gg/summoners/euw/ARS%20Gy%C3%B6keres-ARS,,Jugador,
División 4,CSN Corvo,Avi Kitsu#8655,Avi Kitsu,,Avi Kitsu#365,https://www.op.gg/summoners/euw/Avi%20Kitsu-365,,Jugador,
División 4,CSN Corvo,Silvia Orriols#9477,Silvia Orriols,,Silvia Orriols#JUNTS,https://www.op.gg/summoners/euw/Silvia%20Orriols-JUNTS,,Jugador,
División 4,CSN Corvo,Torres26G#9873,Torres26G,,Torres26G#PASP,https://www.op.gg/summoners/euw/Torres26G-PASP,,Jugador,
División 4,Noctumbra,Nøt Mµerte#1690,Nøt Mµerte,,,,,Capitán,
División 4,Noctumbra,tojesh#1532,tojesh,,,,,Jugador,
División 4,Noctumbra,Juls#5547,Juls,,Juls#MINUS,https://www.op.gg/summoners/euw/Juls-MINUS,,Jugador,
División 4,Noctumbra,Nøt Yorµ#2866,Nøt Yorµ,,,,,Jugador,
División 4,Noctumbra,Vertig#9837,Vertig,,,,,Jugador,
División 4,ROSES IN SPRING White,MishaSkiete#8185,Misha,,RIS Misha#0709,https://www.op.gg/summoners/euw/RIS%20Misha-0709,,Propietario,
División 4,ROSES IN SPRING White,Operacion Gunter#8688,Operacion Gunter,,Cazatron#TPI,https://www.op.gg/summoners/euw/Cazatron-TPI,,Capitán,
División 4,ROSES IN SPRING White,FNC Ragna#5278,FNC Ragna,,RIS Ragna#ASK,https://www.op.gg/summoners/euw/RIS%20Ragna-ASK,,Mánager,
División 4,ROSES IN SPRING White,Tragedy#6549,Tragedy,,Tragedy#TRGDY,https://www.op.gg/summoners/euw/Tragedy-TRGDY,,Reserva,
División 4,ROSES IN SPRING White,Scared Of Egirls#8563,Scared Of Egirls,,,,,Jugador,
División 4,ROSES IN SPRING White,Beakill#6162,Beakill,,Beakill#LOL,https://www.op.gg/summoners/euw/Beakill-LOL,,Jugador,
División 4,ROSES IN SPRING White,Ivandrest#5162,Ivandrest,,,,,Jugador,
División 4,ROSES IN SPRING White,I Am The Exile#8803,I Am The Exile,,,,,Jugador,
División 4,ROSES IN SPRING White,Petanca#5541,Petanca,,Petanca#EUW,https://www.op.gg/summoners/euw/Petanca-EUW,,Jugador,
División 4,RAI RAI Esports,Lyric#6793,Lyric,,BBA Lyric#100,https://www.op.gg/summoners/euw/BBA%20Lyric-100,,Capitán,
División 4,RAI RAI Esports,RAI zasawe#4669,RAI zasawe,,,,,Capitán,
División 4,RAI RAI Esports,GeminisSoul#8169,GeminisSoul,,,,,Jugador,
División 4,RAI RAI Esports,OGs JESUS#9101,OGs JESUS,,Last K1NG#OGs,https://www.op.gg/summoners/euw/Last%20K1NG-OGs,,Jugador,
División 4,RAI RAI Esports,Wolfc#5784,Wolfc,,BIG YAHU LP PLS#SOAP,https://www.op.gg/summoners/euw/BIG%20YAHU%20LP%20PLS-SOAP,,Jugador,
División 4,RAI RAI Esports,canelon99#4591,canelon99,,,,,Jugador,
División 4,ALOS eSports,Observer#1164,Observer,,,,,Propietario,
División 4,ALOS eSports,Clavijos#6188,Clavijos,,Clavijos#4107,https://www.op.gg/summoners/euw/Clavijos-4107,,Capitán,
División 4,ALOS eSports,Senaut#2867,Senaut,,Senaut#EUW,https://www.op.gg/summoners/euw/Senaut-EUW,,Jugador,
División 4,ALOS eSports,FentanilOjeda#7992,FentanilOjeda,,şhεrιł#666,https://www.op.gg/summoners/euw/%C5%9Fh%CE%B5r%CE%B9%C5%82-666,,Jugador,
División 4,ALOS eSports,StylΣr#9852,StylΣr,,SτyłΣR#Pingu,https://www.op.gg/summoners/euw/S%CF%84y%C5%82%CE%A3R-Pingu,,Jugador,
División 4,ALOS eSports,GOOD GAΜE GG XD#4749,GOOD GAΜE GG XD,,,,,Jugador,
División 4,Clover eSports,CVR erfransua#2423,CVR erfransua,,CVR erfransua#ESP,https://www.op.gg/summoners/euw/CVR%20erfransua-ESP,,Propietario,
División 4,Clover eSports,JC4#3801,JC4,,CVR JC4#0105,https://www.op.gg/summoners/euw/CVR%20JC4-0105,,Capitán,
División 4,Clover eSports,DaKoR#6174,DaKoR,,DaKoR#579,https://www.op.gg/summoners/euw/DaKoR-579,,Jugador,
División 4,Clover eSports,Herobayer#9961,Herobayer,,Herobayer#Metal,https://www.op.gg/summoners/euw/Herobayer-Metal,,Jugador,
División 4,Clover eSports,sØcraM#5332,sØcraM,,sØcraM#ZENKI,https://www.op.gg/summoners/euw/s%C3%98craM-ZENKI,,Jugador,
División 4,Clover eSports,Nemesis#7046,Nemesis,,Nemesis#God,https://www.op.gg/summoners/euw/Nemesis-God,,Jugador,
División 4,Rising Birds Redux,LidiaZnT#1086,LidiaZnT,,LidiaZnT#EUW,https://www.op.gg/summoners/euw/LidiaZnT-EUW,,Propietario,
División 4,Rising Birds Redux,Richard Castle#6131,Richard Castle,,Rize Kamishiro#MΛXΙ,https://www.op.gg/summoners/euw/Rize%20Kamishiro-M%CE%9BX%CE%99,,Capitán,
División 4,Rising Birds Redux,Bulvasaur#8117,Bulvasaur,,Bulvasaur#6438,https://www.op.gg/summoners/euw/Bulvasaur-6438,,Jugador,
División 4,Rising Birds Redux,NOC DeiviAki#1661,Deiviaki,,Simo Häyhä#GAL,https://www.op.gg/summoners/euw/Simo%20H%C3%A4yh%C3%A4-GAL,,Jugador,
División 4,Rising Birds Redux,carde#3146,carde,,,,,Jugador,
División 4,Rising Birds Redux,elbokerondiff#6475,elbokerondiff,,Patrick Jane#732,https://www.op.gg/summoners/euw/Patrick%20Jane-732,,Jugador,
División 4,Rising Birds Redux,LittleBuu#9860,LittleBuu,,LittleBuu#MBuu,https://www.op.gg/summoners/euw/LittleBuu-MBuu,,Jugador,
División 4,Rising Birds Redux,SzFirex#6673,SzFirex,,,,,Jugador,
División 5,PorKs,Mouseman#5772,Mouseman,,Mouseman#6969,https://www.op.gg/summoners/euw/Mouseman-6969,,Capitán,
División 5,PorKs,Sparruvsky#6524,Sparruvsky,,Sparruvsky#EUW,https://www.op.gg/summoners/euw/Sparruvsky-EUW,,Reserva,
División 5,PorKs,GodLeftBot#6473,GodLeftBot,,THE enemy#help,https://www.op.gg/summoners/euw/THE%20enemy-help,,Reserva,
División 5,PorKs,Josem6#5027,Josem6,,Josem6#EUW,https://www.op.gg/summoners/euw/Josem6-EUW,,Jugador,
División 5,PorKs,Vandervan9#8399,Vandervan9,,Vandervan9#9816,https://www.op.gg/summoners/euw/Vandervan9-9816,,Jugador,
División 5,PorKs,SuperDaniel100#9079,SuperDaniel100,,SuperDaniel100#EUW,https://www.op.gg/summoners/euw/SuperDaniel100-EUW,,Jugador,
División 5,PorKs,Piporrinho#6195,Piporrinho,,Piporrinho#EUW,https://www.op.gg/summoners/euw/Piporrinho-EUW,,Jugador,
División 5,PorKs,Dani Jaeger#3291,Dani Jaeger,,,,,Jugador,
División 5,TOPSMURF,Tharkún8#6563,Tharkún8,,Tharkún8#EUW,https://www.op.gg/summoners/euw/Thark%C3%BAn8-EUW,,Capitán,
División 5,TOPSMURF,guacamyo#8661,guacamyo,,guacamyo#EUW,https://www.op.gg/summoners/euw/guacamyo-EUW,,Jugador,
División 5,TOPSMURF,Gamboardiolajode#4602,Gamboardiolajode,,Gamboardiolajode#EUW,https://www.op.gg/summoners/euw/Gamboardiolajode-EUW,,Jugador,
División 5,TOPSMURF,OneArmedWolf#5615,OneArmedWolf,,OneArmedWolf#SKR,https://www.op.gg/summoners/euw/OneArmedWolf-SKR,,Jugador,
División 5,TOPSMURF,alaifer15#9850,alaifer15,,,,,Jugador,
División 5,TOPSMURF,Be a King#6511,Be a King,,,,,Jugador,
División 5,TOPSMURF,Wiƒire#8920,Wiƒire,,,,,Jugador,
División 5,TOPSMURF,Minervae#1248,Minervae,,,,,Jugador,
División 5,TOPSMURF,Txarly93#2473,Txarly93,,Txarly93#EUW,https://www.op.gg/summoners/euw/Txarly93-EUW,,Jugador,
División 5,FAKTOR K,MARIO9#3293,MARIO9,,TH3MARIO#000,https://www.op.gg/summoners/euw/TH3MARIO-000,,Capitán,
División 5,FAKTOR K,Noeeeweewee#8127,Noeeeweewee,,Noeeeweewee#1234,https://www.op.gg/summoners/euw/Noeeeweewee-1234,,Capitán,
División 5,FAKTOR K,MaZa#5012,MaZa,,MaZa#9364,https://www.op.gg/summoners/euw/MaZa-9364,,Jugador,
División 5,FAKTOR K,Lamelo Ball#9611,Lamelo Ball,,Lamelo Ball#2469,https://www.op.gg/summoners/euw/Lamelo%20Ball-2469,,Jugador,
División 5,FAKTOR K,RAXULL#5861,RAXULL,,RAXULL#EUW,https://www.op.gg/summoners/euw/RAXULL-EUW,,Jugador,
División 5,FAKTOR K,Daniimp#7007,Daniimp,,Daniimp#8187,https://www.op.gg/summoners/euw/Daniimp-8187,,Jugador,
División 5,PTS,DNAlex#5517,DNAlex,,DNAlex#EUW,https://www.op.gg/summoners/euw/DNAlex-EUW,,Capitán,
División 5,PTS,PressureFelp#1620,PressureFelp,,PressureFelp#EUW,https://www.op.gg/summoners/euw/PressureFelp-EUW,,Capitán,
División 5,PTS,DavidjajaLOL#1121,DavidjajaLOL,,,,,Jugador,
División 5,PTS,Erankoh#7870,Erankoh,,,,,Jugador,
División 5,PTS,Homelander#7178,Homelander,,Homelander#XRV,https://www.op.gg/summoners/euw/Homelander-XRV,,Jugador,
División 5,PTS,MikaelCP#1733,MikaelCP,,MikaelCP#EUW,https://www.op.gg/summoners/euw/MikaelCP-EUW,,Jugador,
División 5,Low Elo Trash,Joncøck#9652,Joncøck,,Joncøck#EUW,https://www.op.gg/summoners/euw/Jonc%C3%B8ck-EUW,,Capitán,
División 5,Low Elo Trash,CULØENPØYA#3533,CULØENPØYA,,XxSucio GordoxX#4420,https://www.op.gg/summoners/euw/XxSucio%20GordoxX-4420,,Capitán,
División 5,Low Elo Trash,Chope#3242,Chope,,Chope#EUW,https://www.op.gg/summoners/euw/Chope-EUW,,Reserva,
División 5,Low Elo Trash,Mafia Bananera #9196,Mafia Bananera,,,,,Reserva,
División 5,Low Elo Trash,VergoteMamasote#5020,VergoteMamasote,,Womanaizer#6406,https://www.op.gg/summoners/euw/Womanaizer-6406,,Reserva,
División 5,Low Elo Trash,excava culos#8337,excava culos,,excava culos#EUW,https://www.op.gg/summoners/euw/excava%20culos-EUW,,Jugador,
División 5,Low Elo Trash,TOPARDO32#3441,TOPARDO32,,TOPARDO32#EUW,https://www.op.gg/summoners/euw/TOPARDO32-EUW,,Jugador,
División 5,Low Elo Trash,AlisterCaine#7702,AlisterCaine,,,,,Jugador,
División 5,Low Elo Trash,Hombre cojín#7988,Hombre cojín,,Hombre cojín#12345,https://www.op.gg/summoners/euw/Hombre%20coj%C3%ADn-12345,,Jugador,
División 5,Low Elo Trash,Vënøm#9501,Vënøm,,Vënøm#ALPHA,https://www.op.gg/summoners/euw/V%C3%ABn%C3%B8m-ALPHA,,Jugador,
División 5,Low Elo Trash,WeakestBrazilian#5087,WeakestBrazilian,,WeakestBrazilian#EUW,https://www.op.gg/summoners/euw/WeakestBrazilian-EUW,,Jugador,
División 5,Siqui Army,SA Cogcodrile#7206,Nae,,Gitanico#nashe,https://www.op.gg/summoners/euw/Gitanico-nashe,,Capitán,
División 5,Siqui Army,SA Machete Evans#3029,SA Machete Evans,,,,,Jugador,
División 5,Siqui Army,SA Julià Blaze#9027,SADonPollo,,Bujarrila Lopez#SALSA,https://www.op.gg/summoners/euw/Bujarrila%20Lopez-SALSA,,Jugador,
División 5,Siqui Army,SA Bernat Uchiha#4202,tormentaxx,,HotBustyBrunette#minor,https://www.op.gg/summoners/euw/HotBustyBrunette-minor,,Jugador,
División 5,Siqui Army,SA JosenqUzumaki#9240,SA JosenqUzumaki,,MenteBombilla#Bombi,https://www.op.gg/summoners/euw/MenteBombilla-Bombi,,Jugador,
División 5,Siqui Army,SA MACHETE#3730,SA MACHETE,,SA MACHETE#teta,https://www.op.gg/summoners/euw/SA%20MACHETE-teta,,Jugador,
División 5,Siqui Army,PatricioEstrella#8490,PatricioEstrella,,PatricioEstrella#LDN,https://www.op.gg/summoners/euw/PatricioEstrella-LDN,,Jugador,
División 5,LUNARIS GAMING,lopel25#5845,lopel25,,,,,Staff,
División 5,LUNARIS GAMING,Didix14#1649,Didix14,,Didix14#MARI,https://www.op.gg/summoners/euw/Didix14-MARI,,Capitán,
División 5,LUNARIS GAMING,Gyro95#6330,Gyro95,,Gyro#LNS,https://www.op.gg/summoners/euw/Gyro-LNS,,Jugador,
División 5,LUNARIS GAMING,FabiShiny#9728,FabiShiny,,FabiShiny#MARI,https://www.op.gg/summoners/euw/FabiShiny-MARI,,Jugador,
División 5,LUNARIS GAMING,Valduim#7692,Valduim,,,,,Jugador,
División 5,LUNARIS GAMING,Jotaa#7505,Jotaa,,Jotaa#1209,https://www.op.gg/summoners/euw/Jotaa-1209,,Jugador,
División 5,HARAM,MDK Aitanax#3610,MDK Aitanax,,MDK Aitanax#HARAM,https://www.op.gg/summoners/euw/MDK%20Aitanax-HARAM,,Capitán,
División 5,HARAM,CAPITAN PERU#5944,CAPITAN PERU,,BONPREU ESCLAT#1999,https://www.op.gg/summoners/euw/BONPREU%20ESCLAT-1999,,Jugador,
División 5,HARAM,tokita tokita#6516,tokita tokita,,tokita tokita#111,https://www.op.gg/summoners/euw/tokita%20tokita-111,,Jugador,
División 5,HARAM,TERRENOPANTANOSO#1354,TERRENOPANTANOSO,,TERRENOPANTANOSO#EUW,https://www.op.gg/summoners/euw/TERRENOPANTANOSO-EUW,,Jugador,
División 5,HARAM,Keviiin21#9276,Keviiin21,,Keviiin21#Haram,https://www.op.gg/summoners/euw/Keviiin21-Haram,,Jugador,
División 5,HARAM,Easydrino#7365,Easydrino,,Easydrino#EUW,https://www.op.gg/summoners/euw/Easydrino-EUW,,Jugador,
División 5,Tanguita del Joker,TJ erzedantes#1620,TJ erzedantes,,TJ erzedantes#5324,https://www.op.gg/summoners/euw/TJ%20erzedantes-5324,,Capitán,
División 5,Tanguita del Joker,NSJ Juny#6054,NSJ Juny,,,,,Jugador,
División 5,Tanguita del Joker,juko41#3509,juko41,,,,,Jugador,
División 5,Tanguita del Joker,Makamiii#3437,Makamiii,,,,,Jugador,
División 5,Tanguita del Joker,TJ yugo#8980,TJ yugo,,,,,Jugador,
División 5,Tanguita del Joker,pantera139#2470,pantera139,,,,,Jugador,
División 5,Loco Wasa Truncapingas,LR Gee#6281,LR Gee,,LWT Geeodoodle#Gee,https://www.op.gg/summoners/euw/LWT%20Geeodoodle-Gee,,Capitán,
División 5,Loco Wasa Truncapingas,Carlura#2351,Carlura,,,,,Reserva,
División 5,Loco Wasa Truncapingas,SurfΣr0#7342,SurfΣr0,,LWT Surfer0#SURF,https://www.op.gg/summoners/euw/LWT%20Surfer0-SURF,,Jugador,
División 5,Loco Wasa Truncapingas,King Breogán#8600,King Breogán,,LWT King Breogán#PINGA,https://www.op.gg/summoners/euw/LWT%20King%20Breog%C3%A1n-PINGA,,Jugador,
División 5,Loco Wasa Truncapingas,사귈래#9419,사귈래,,LWT rekoR#Chill,https://www.op.gg/summoners/euw/LWT%20rekoR-Chill,,Jugador,
División 5,Loco Wasa Truncapingas,Aledoodle#8754,Aledoodle,,LWT Aledoodle#Lmago,https://www.op.gg/summoners/euw/LWT%20Aledoodle-Lmago,,Jugador,
División 5,Loco Wasa Truncapingas,AdriPe#4487,AdriPe,,AdriPe#EUW,https://www.op.gg/summoners/euw/AdriPe-EUW,,Jugador,
División 5,Loco Wasa Truncapingas,ValentinazXcJz#3707,ValentinazXcJz,,ValentinazXcJz#EUW,https://www.op.gg/summoners/euw/ValentinazXcJz-EUW,,Jugador,
División 5,Loco Wasa Truncapingas,LWT Tortendoodle#2478,LWT Tortendoodle,,LWT Tortendoodle#RK9,https://www.op.gg/summoners/euw/LWT%20Tortendoodle-RK9,,Jugador,
División 5,Loco Wasa Truncapingas,LWT Fierilla#2928,LWT Fierilla,,LWT Fierilla#WOOOF,https://www.op.gg/summoners/euw/LWT%20Fierilla-WOOOF,,Jugador,
División 5,Loco Wasa Truncapingas,alessandep#1470,alessandep,,alessandep#EUW,https://www.op.gg/summoners/euw/alessandep-EUW,,Jugador,
División 5,Supernova Crypt,ImNotASmurf#2666,ImNotASmurf,,ImNotASmurf#6904,https://www.op.gg/summoners/euw/ImNotASmurf-6904,,Capitán,
División 5,Supernova Crypt,LuigiFox#5888,LuigiFox,,LuigiFox#EUW,https://www.op.gg/summoners/euw/LuigiFox-EUW,,Capitán,
División 5,Supernova Crypt,AleRenlebox#5887,AleRenlebox,,AleRenlebox#EUW,https://www.op.gg/summoners/euw/AleRenlebox-EUW,,Jugador,
División 5,Supernova Crypt,Liminal Rain#4006,Liminal Rain,,Liminal Rain#ESP,https://www.op.gg/summoners/euw/Liminal%20Rain-ESP,,Jugador,
División 5,Supernova Crypt,Kron14#4398,Kron14,,Kron14#EUW,https://www.op.gg/summoners/euw/Kron14-EUW,,Jugador,
División 5,Supernova Crypt,mevang#3398,mevang,,mevang#EUW,https://www.op.gg/summoners/euw/mevang-EUW,,Jugador,
División 5,Supernova Crypt,26CmDePuroPlacer#5539,26CmDePuroPlacer,,26CmDePuroPlacer#EUW,https://www.op.gg/summoners/euw/26CmDePuroPlacer-EUW,,Jugador,
División 5,Supernova Crypt,Triiillo#8000,Triiillo,,,,,Jugador,
División 5,Isidro Gamos Alcura,alexgreenday#9537,alexgreenday,,alexgreenday#EUW,https://www.op.gg/summoners/euw/alexgreenday-EUW,,Capitán,
División 5,Isidro Gamos Alcura,Stranyy#5285,Stranyy,,Mard0k#3517,https://www.op.gg/summoners/euw/Mard0k-3517,,Mánager,
División 5,Isidro Gamos Alcura,Möshky#2252,Möshky,,Möshky#UFG,https://www.op.gg/summoners/euw/M%C3%B6shky-UFG,,Mánager,
División 5,Isidro Gamos Alcura,Raman Sansul#5386,Raman Sansul,,Raman Sansul#EUW,https://www.op.gg/summoners/euw/Raman%20Sansul-EUW,,Jugador,
División 5,Isidro Gamos Alcura,neekotine#6962,neekotine,,neekotine#15x,https://www.op.gg/summoners/euw/neekotine-15x,,Jugador,
División 5,Isidro Gamos Alcura,Fuet Coreano#2925,Fuet Coreano,,Fuet Coreano#SYA,https://www.op.gg/summoners/euw/Fuet%20Coreano-SYA,,Jugador,
División 5,Isidro Gamos Alcura,moli10#7379,moli10,,moli10#EUW,https://www.op.gg/summoners/euw/moli10-EUW,,Jugador,
División 5,404 Rising,404 Dinithor#3441,404 Dinithor,,404 Dinithor#404,https://www.op.gg/summoners/euw/404%20Dinithor-404,,Propietario,
División 5,404 Rising,LaAnticocina#2015,LaAnticocina,,404 Ferby#007,https://www.op.gg/summoners/euw/404%20Ferby-007,,Capitán,
División 5,404 Rising,User deleted,userDeleted,,,,,Capitán,
División 5,404 Rising,G4LDR1C#1156,G4LDR1C,,G4LDR1C#ECO,https://www.op.gg/summoners/euw/G4LDR1C-ECO,,Jugador,
División 5,404 Rising,IBelieveInRiven#9370,IBelieveInRiven,,IBelieveInRiven#JOWI,https://www.op.gg/summoners/euw/IBelieveInRiven-JOWI,,Jugador,
División 5,404 Rising,Magicbrais#2637,Magicbrais,,Magicbrais#EUW,https://www.op.gg/summoners/euw/Magicbrais-EUW,,Jugador,
División 5,404 Rising,ACAAA#8456,ACAAA,,ACAAA#DURO,https://www.op.gg/summoners/euw/ACAAA-DURO,,Jugador,
División 5,404 Rising,Dragonazo#6641,Dragonazo,,,,,Jugador,
División 5,SUSTRAI,AitorZero0#7178,AZ0,,NAVI Unai Simón#LDLF,https://www.op.gg/summoners/euw/NAVI%20Unai%20Sim%C3%B3n-LDLF,,Capitán,
División 5,SUSTRAI,LTS Farucky#6114,LTS Farucky,,Shinichi Kudo#FRUKI,https://www.op.gg/summoners/euw/Shinichi%20Kudo-FRUKI,,Jugador,
División 5,SUSTRAI,A Segunda Tah#4721,A Segunda Tah,,A Segunda Tah#TAH,https://www.op.gg/summoners/euw/A%20Segunda%20Tah-TAH,,Jugador,
División 5,SUSTRAI,Jakob de Thorn#3239,Jakob de Thorn,,Jakob de Thorn#49s,https://www.op.gg/summoners/euw/Jakob%20de%20Thorn-49s,,Jugador,
División 5,SUSTRAI,SR Gurb#9271,SR Gurb,,SR Gurb#TKG,https://www.op.gg/summoners/euw/SR%20Gurb-TKG,,Jugador,
División 5,SUSTRAI,Darckmate#2706,Darckmate,,Darckmate#EUW,https://www.op.gg/summoners/euw/Darckmate-EUW,,Jugador,
División 5,SUSTRAI,pingusac#2585,pingusac,,pingusac#EUW,https://www.op.gg/summoners/euw/pingusac-EUW,,Jugador,
División 5,SUSTRAI,DegueCR#8514,DegueCR,,,,,Jugador,
División 5,Shadow Uniovi eSports,FVCK JJ#4981,FVCK JJ,,FVCK JJ#KING,https://www.op.gg/summoners/euw/FVCK%20JJ-KING,,Entrenador,
División 5,Shadow Uniovi eSports,SrMidway#7756,SrMidway,,SrMidway#EUW,https://www.op.gg/summoners/euw/SrMidway-EUW,,Capitán,
División 5,Shadow Uniovi eSports,AKUR999#8475,AKUR999,,DADDYKAISER#969,https://www.op.gg/summoners/euw/DADDYKAISER-969,,Reserva,
División 5,Shadow Uniovi eSports,Jeda#2319,Jeda,,Jeda#973,https://www.op.gg/summoners/euw/Jeda-973,,Jugador,
División 5,Shadow Uniovi eSports,ZeroGravity#7452,ZeroGravity,,ZeroGravity#reimi,https://www.op.gg/summoners/euw/ZeroGravity-reimi,,Jugador,
División 5,Shadow Uniovi eSports,Nife#1876,Nife,,,,,Jugador,
División 5,Shadow Uniovi eSports,Lilli#6120,Lilli,,,,,Jugador,
División 5,La 33,masip08#1781,masip08,,masip08#3314,https://www.op.gg/summoners/euw/masip08-3314,,Capitán,
División 5,La 33,minijojo#3317,minijojo,,minijojo#3333,https://www.op.gg/summoners/euw/minijojo-3333,,Reserva,
División 5,La 33,Edurnehr#1799,Edurnehr,,Edurnehr#9299,https://www.op.gg/summoners/euw/Edurnehr-9299,,Reserva,
División 5,La 33,伏黒甚爾#2594,伏黒甚爾,,伏黒甚爾#33333,https://www.op.gg/summoners/euw/%E4%BC%8F%E9%BB%92%E7%94%9A%E7%88%BE-33333,,Jugador,
División 5,La 33,magamarrana#6988,magamarrana,,magamarrana#pepe,https://www.op.gg/summoners/euw/magamarrana-pepe,,Jugador,
División 5,La 33,Little#7347,Little,,Little#912,https://www.op.gg/summoners/euw/Little-912,,Jugador,
División 5,La 33,el Gabri1456#1688,el Gabri1456,,el Gabri1456#1456,https://www.op.gg/summoners/euw/el%20Gabri1456-1456,,Jugador,
División 5,La 33,erictrisity#5865,erictrisity,,erictrisity#espñ,https://www.op.gg/summoners/euw/erictrisity-esp%C3%B1,,Jugador,
División 5,La 33,nukk#2288,nukk,,nukk#BOFFF,https://www.op.gg/summoners/euw/nukk-BOFFF,,Jugador,
División 5,Vyronx Panda,Superpedrusco19#5053,Superpedrusco19,,Superpedrusco19#AHPDS,https://www.op.gg/summoners/euw/Superpedrusco19-AHPDS,,Propietario,
División 5,Vyronx Panda,3IA ConejaPeyeja#5275,3IA ConejaPeyeja,,Coneja Pelleja#0000,https://www.op.gg/summoners/euw/Coneja%20Pelleja-0000,,Capitán,
División 5,Vyronx Panda,I am Leblanc#2526,I am Leblanc,,I am Leblanc#ITSME,https://www.op.gg/summoners/euw/I%20am%20Leblanc-ITSME,,Reserva,
División 5,Vyronx Panda,3IA Jöttunn#2187,3IA Jöttunn,,Jöttunn#ACHIS,https://www.op.gg/summoners/euw/J%C3%B6ttunn-ACHIS,,Jugador,
División 5,Vyronx Panda,Ω TIMÖ Ω#6048,Ω TIMÖ Ω,,Ω TIMÖ Ω#Teemo,https://www.op.gg/summoners/euw/%CE%A9%20TIM%C3%96%20%CE%A9-Teemo,,Jugador,
División 5,Vyronx Panda,lcgg#1140,lcgg,,lcgg#ANDLC,https://www.op.gg/summoners/euw/lcgg-ANDLC,,Jugador,
División 5,Vyronx Panda,Luiszol#7600,Luiszol,,Luiszol#EUW,https://www.op.gg/summoners/euw/Luiszol-EUW,,Jugador,
División 5,Vyronx Panda,MAC Half Chicken#2256,MAC Half Chicken,,,,,Jugador,
División 5,VyronX,Superpedrusco19#5053,Superpedrusco19,,Superpedrusco19#AHPDS,https://www.op.gg/summoners/euw/Superpedrusco19-AHPDS,,Propietario,
División 5,VyronX,JoseOli44#7257,JoseOli44,,JoseOli44#EUW,https://www.op.gg/summoners/euw/JoseOli44-EUW,,Jugador,
División 5,VyronX,Bell Tracker#7300,Bell Tracker,,Reze#Vox,https://www.op.gg/summoners/euw/Reze-Vox,,Jugador,
División 5,VyronX,EoB0r#1785,EoB0r,,EoB0r#9983,https://www.op.gg/summoners/euw/EoB0r-9983,,Jugador,
División 5,VyronX,camel de liar#9203,camel de liar,,Maruzensky#Urara,https://www.op.gg/summoners/euw/Maruzensky-Urara,,Jugador,
División 5,VyronX,Vampire Kisses#4979,Vampire Kisses,,,,,Jugador,
División 5,VyronX,NX Sero#6029,NX Sero,,Serotonin#BOMB,https://www.op.gg/summoners/euw/Serotonin-BOMB,,Jugador,
División 5,Aceituna Gaming,TKG DarkAngel73#5254,TKG DarkAngel73,,TKG DarkAngel73#EUW,https://www.op.gg/summoners/euw/TKG%20DarkAngel73-EUW,,Capitán,
División 5,Aceituna Gaming,Dragyni#8589,Dragyni,,Dragyni#EUW,https://www.op.gg/summoners/euw/Dragyni-EUW,,Jugador,
División 5,Aceituna Gaming,DaniPanic#4966,DaniPanic,,DaniPanic#EUW,https://www.op.gg/summoners/euw/DaniPanic-EUW,,Jugador,
División 5,Aceituna Gaming,Arësth#5388,Arësth,,Arësth#EUW,https://www.op.gg/summoners/euw/Ar%C3%ABsth-EUW,,Jugador,
División 5,Aceituna Gaming,LücyRawrDreams#7340,LücyRawrDreams,,LücyRawrDreams#EUW,https://www.op.gg/summoners/euw/L%C3%BCcyRawrDreams-EUW,,Jugador,
División 5,La Mezquita,Radamball121#4721,Radamball121,,Radamball121#EUW,https://www.op.gg/summoners/euw/Radamball121-EUW,,Capitán,
División 5,La Mezquita,Taifo#1304,Taifo,,Taifo#CSTA,https://www.op.gg/summoners/euw/Taifo-CSTA,,Reserva,
División 5,La Mezquita,Simon Perez#9195,Simon Perez,,Simon Perez#moro,https://www.op.gg/summoners/euw/Simon%20Perez-moro,,Jugador,
División 5,La Mezquita,lenganche#5619,lenganche,,lenganche#8421,https://www.op.gg/summoners/euw/lenganche-8421,,Jugador,
División 5,La Mezquita,notpotat0o#9579,notpotat0o,,notpotat0o#renfe,https://www.op.gg/summoners/euw/notpotat0o-renfe,,Jugador,
División 5,La Mezquita,SujetoSinManos#6151,SujetoSinManos,,SujetoSinManos#killo,https://www.op.gg/summoners/euw/SujetoSinManos-killo,,Jugador,
División 5,ROSES IN SPRING Red,MishaSkiete#8185,Misha,,RIS Misha#0709,https://www.op.gg/summoners/euw/RIS%20Misha-0709,,Propietario,
División 5,ROSES IN SPRING Red,WL Calvito#1162,WLCalvito,,RWD Calvito#FAP,https://www.op.gg/summoners/euw/RWD%20Calvito-FAP,,Capitán,
División 5,ROSES IN SPRING Red,moon red#1797,moon red,,BLACK moonred#ezz,https://www.op.gg/summoners/euw/BLACK%20moonred-ezz,,Mánager,
División 5,ROSES IN SPRING Red,thereimonsog#2809,thereimonsog,,Malboro Abuser#LUNG,https://www.op.gg/summoners/euw/Malboro%20Abuser-LUNG,,Jugador,
División 5,ROSES IN SPRING Red,AHAHAHAHAHAHAHAH#1759,AHAHAHAHAHAHAHAH,,,,,Jugador,
División 5,ROSES IN SPRING Red,PlatoIsFlexing#5185,PlatoIsFlexing,,Baki Hanma#H4NM4,https://www.op.gg/summoners/euw/Baki%20Hanma-H4NM4,,Jugador,
División 5,ROSES IN SPRING Red,Ηurrγκαγη      ˆ#5639,Ηurrγκαγη      ˆ,,Ηurrγκαγη      ˆ#EUW,https://www.op.gg/summoners/euw/%CE%97urr%CE%B3%CE%BA%CE%B1%CE%B3%CE%B7%20%20%20%20%20%20%CB%86-EUW,,Jugador,
División 5,ROSES IN SPRING Red,I Am The Exile#8803,I Am The Exile,,,,,Jugador,
División 5,ROSES IN SPRING Red,SlasBuck#9402,SlasBuck,,SlasBuck#EUW,https://www.op.gg/summoners/euw/SlasBuck-EUW,,Jugador,
División 5,VDK Abyssal,King Brais V#4390,King Brais V,,Mr PokeBraiis V#VEX,https://www.op.gg/summoners/euw/Mr%20PokeBraiis%20V-VEX,,Staff,
División 5,VDK Abyssal,RayCash#2011,RayCash,,,,,Entrenador,
División 5,VDK Abyssal,VDK Arii#7403,VDK Arii,,,,,Capitán,
División 5,VDK Abyssal,Simyn#5085,Simyn,,,,,Jugador,
División 5,VDK Abyssal,VDK DarkZz#7580,VDK DarkZz,,DarkZz#EUW33,https://www.op.gg/summoners/euw/DarkZz-EUW33,,Jugador,
División 5,VDK Abyssal,Im Your Phobia#5285,Im Your Phobia,,Pain Wielder#ESP,https://www.op.gg/summoners/euw/Pain%20Wielder-ESP,,Jugador,
División 5,VDK Abyssal,Tryndąmere#7663,Tryndąmere,,AZR Tryndąmere#精益求精,https://www.op.gg/summoners/euw/AZR%20Trynd%C4%85mere-%E7%B2%BE%E7%9B%8A%E6%B1%82%E7%B2%BE,,Jugador,
División 5,VDK Abyssal,GameplayOny#4660,GameplayOny,,,,,Jugador,
División 5,Nexus Gambit,scripting acc#2168,scripting acc,,sensaretranki#232,https://www.op.gg/summoners/euw/sensaretranki-232,,Capitán,
División 5,Nexus Gambit,Magicbrais#2637,Magicbrais,,Magicbrais#EUW,https://www.op.gg/summoners/euw/Magicbrais-EUW,,Jugador,
División 5,Nexus Gambit,sanji1010#8020,sanji1010,,sanji1010#EUW,https://www.op.gg/summoners/euw/sanji1010-EUW,,Jugador,
División 5,Nexus Gambit,Wotton D Milias#3978,Wotton D Milias,,,,,Jugador,
División 5,Nexus Gambit,patry097#7235,patry097,,,,,Jugador,
División 5,Nexus Gambit,ガブリエル#3464,ガブリエル,,ガブリエル#Rynth,https://www.op.gg/summoners/euw/%E3%82%AC%E3%83%96%E3%83%AA%E3%82%A8%E3%83%AB-Rynth,,Jugador,
División 5,Mega Pollo Generation Shinobi,T1iAlpha#4211,T1iAlpha,,GS iAlpha#ARISE,https://www.op.gg/summoners/euw/GS%20iAlpha-ARISE,,Entrenador,
División 5,Mega Pollo Generation Shinobi,Tenshi#8106,Tenshi,,Yunekki#5301,https://www.op.gg/summoners/euw/Yunekki-5301,,Capitán,
División 5,Mega Pollo Generation Shinobi,PFC Kyber#5905,PFC Kyber,,PFC Kyber#EUW,https://www.op.gg/summoners/euw/PFC%20Kyber-EUW,,Jugador,
División 5,Mega Pollo Generation Shinobi,omega915#3160,omega915,,omega915#EUW,https://www.op.gg/summoners/euw/omega915-EUW,,Jugador,
División 5,Mega Pollo Generation Shinobi,SØULMΛKER#5549,SØULMΛKER,,MPC SØULMΛKER#SKT1,https://www.op.gg/summoners/euw/MPC%20S%C3%98ULM%CE%9BKER-SKT1,,Jugador,
División 5,Mega Pollo Generation Shinobi,Hugoby7#6582,Hugoby7,,RIS Hugo #RIS,https://www.op.gg/summoners/euw/RIS%20Hugo%20-RIS,,Jugador,
División 5,Mega Pollo Generation Shinobi,Lord Sotomonte#9735,Lord Sotomonte,,,,,Jugador,
División 5,Mega Pollo Generation Shinobi,Eüans#3473,Eüans,,Eüans#0205,https://www.op.gg/summoners/euw/E%C3%BCans-0205,,Jugador,
División 5,Mega Pollo Generation Shinobi,Umbre975#3680,Umbre975,,,,,Jugador,
División 5,Helldogs,HDG Crow#9742,HDG Crow,,,,,Capitán,
División 5,Hellfire Academy,ILC Ismachuelo#9467,ILC Ismachuelo,,HLF IsmaGV#ADC,https://www.op.gg/summoners/euw/HLF%20IsmaGV-ADC,,Staff,
División 5,Hellfire Academy,imlaaau#5283,imlaaau,,imlaaau#DEMON,https://www.op.gg/summoners/euw/imlaaau-DEMON,,Propietario,
División 5,Hellfire Academy,Ñeria#9824,Ñeria,,IamLars#AKA,https://www.op.gg/summoners/euw/IamLars-AKA,,Reserva,
División 5,Hellfire Academy,Tammy Kench#8864,Tammy Kench,,Tammy Kench#4516,https://www.op.gg/summoners/euw/Tammy%20Kench-4516,,Jugador,
División 5,Hellfire Academy,Lentejas2#4741,Lentejas2,,Lentejas2#SIUUU,https://www.op.gg/summoners/euw/Lentejas2-SIUUU,,Jugador,
División 5,Hellfire Academy,Ozaaruu#4752,Ozaaruu,,Ozaaruu#OZA,https://www.op.gg/summoners/euw/Ozaaruu-OZA,,Jugador,
División 5,Hellfire Academy,Kevoncio#1899,Kevoncio,,,,,Jugador,
División 5,Hellfire Academy,TheMakroX#2773,TheMakroX,,TheMakroX#RU1,https://www.op.gg/summoners/ru/TheMakroX-RU1,,Jugador,
División 5,Hellfire Academy,LEGEND#5068,LEGEND,,LEGEND#JAYCE,https://www.op.gg/summoners/euw/LEGEND-JAYCE,,Jugador,
División 5,Fuji Fenix,FUJI MarioLoLL#9180,FUJI MarioLoLL,,FUJI MarioLoLL#EUW,https://www.op.gg/summoners/euw/FUJI%20MarioLoLL-EUW,,Capitán,
División 5,Fuji Fenix,FNX Eraner#2796,FNX Eraner,,,,,Reserva,
División 5,Fuji Fenix,Frost#1633,Frost,,,,,Jugador,
División 5,Fuji Fenix,Adricraft2008#4806,Adricraft2008,,,,,Jugador,
División 5,Fuji Fenix,Inaros#7711,Inaros,,,,,Jugador,
División 5,Fuji Fenix,Yifan2003#7601,Yifan2003,,,,,Jugador,
División 5,VyronX Lion,Superpedrusco19#5053,Superpedrusco19,,Superpedrusco19#AHPDS,https://www.op.gg/summoners/euw/Superpedrusco19-AHPDS,,Staff,
División 5,VyronX Lion,xedgar4#1041,xedgar4,,edgαr#0123,https://www.op.gg/summoners/euw/edg%CE%B1r-0123,,Jugador,
División 5,VyronX Lion,albertopowerr#3195,albertopowerr,,Makima#Vox,https://www.op.gg/summoners/euw/Makima-Vox,,Jugador,
División 5,VyronX Lion,sayan13243#3379,sayan13243,,sayan13243#1324,https://www.op.gg/summoners/euw/sayan13243-1324,,Jugador,
División 5,VyronX Lion,JadeTurtle#1905,JadeTurtle,,,,,Jugador,
División 5,VyronX Lion,Sïekkän#3117,Sïekkän,,,,,Jugador,
División 5,VyronX Lion,Alma#9049,Alma,,FNX Passion#FNX,https://www.op.gg/summoners/euw/FNX%20Passion-FNX,,Jugador,
División 5,VyronX Lion,Carlos1404#1346,Carlos1404,,FNX Kenzo#FNX,https://www.op.gg/summoners/euw/FNX%20Kenzo-FNX,,Jugador,
División 5,Los Ratones Perez,OPericao#1077,OPericao,,OPericao#EUW,https://www.op.gg/summoners/euw/OPericao-EUW,,Entrenador,
División 5,Los Ratones Perez,OstiaCoNombre#1809,OstiaCoNombre,,,,,Capitán,
División 5,Los Ratones Perez,litos#7854,litos,,litos#SYLAS,https://www.op.gg/summoners/euw/litos-SYLAS,,Jugador,
División 5,Los Ratones Perez,Varikokola#9737,Varikokola,,,,,Jugador,
División 5,Los Ratones Perez,Marcogomez56#2682,Marcogomez56,,Marcogomez56#4232,https://www.op.gg/summoners/euw/Marcogomez56-4232,,Jugador,
División 5,Los Ratones Perez,PACO 123#2154,PACO 123,,PACO 123#00000,https://www.op.gg/summoners/euw/PACO%20123-00000,,Jugador,
